bike,start_time,end_time,start_st,end_st
e_3529_0,2017-07-01 08:58:11.444535,2017-07-01 08:59:28.771810,228,522
e_3370_0,2017-07-01 08:58:20.663851,2017-07-01 09:00:13.799383,228,3462
e_3285_1,2017-07-01 08:58:37.855233,2017-07-01 09:00:31.221796,228,3462
3390_6,2017-07-01 09:25:24.471103,2017-07-01 09:28:18.262690,3223,441
423_10,2017-07-01 09:29:09.135941,2017-07-01 09:33:23.669959,441,385
e_3244_0,2017-07-01 09:34:00.511489,2017-07-01 09:35:38.983976,3462,516
308_11,2017-07-01 09:40:30.498783,2017-07-01 09:42:17.228373,522,359
3101_13,2017-07-01 09:40:34.860088,2017-07-01 09:43:03.038774,522,359
3367_18,2017-07-01 09:42:46.426953,2017-07-01 09:48:40.620002,359,228
3391_6,2017-07-01 09:58:56.455803,2017-07-01 10:03:13.192268,522,164
490_1,2017-07-01 10:04:40.934023,2017-07-01 10:06:43.838292,3223,385
2003_13,2017-07-01 10:06:21.556053,2017-07-01 10:09:47.716055,3223,456
3145_20,2017-07-01 10:12:56.245274,2017-07-01 10:15:13.404989,3458,500
293_25,2017-07-01 10:16:08.560469,2017-07-01 10:18:16.584026,500,173
325_13,2017-07-01 10:17:22.262183,2017-07-01 10:19:19.857747,500,173
3314_11,2017-07-01 10:24:05.465201,2017-07-01 10:27:13.061479,3223,305
350_9,2017-07-01 10:29:34.807011,2017-07-01 10:31:45.249598,485,526
357_7,2017-07-01 10:29:25.467003,2017-07-01 10:32:05.103862,485,526
3263_6,2017-07-01 10:30:12.110609,2017-07-01 10:32:14.208558,485,526
507_14,2017-07-01 10:58:48.319044,2017-07-01 11:02:59.211696,3680,484
3338_15,2017-07-01 10:59:33.747382,2017-07-01 11:03:18.068209,3680,484
383_3,2017-07-01 11:02:18.682446,2017-07-01 11:05:16.831093,359,456
311_5,2017-07-01 11:24:00.286543,2017-07-01 11:27:13.160008,3459,385
3238_13,2017-07-01 11:30:53.247286,2017-07-01 11:33:55.784724,3235,485
450_28,2017-07-01 14:02:08.639100,2017-07-01 14:04:42.588570,3466,484
241_6,2017-07-01 14:44:07.480344,2017-07-01 14:47:48.023539,517,519
3055_11,2017-07-01 14:57:59.680723,2017-07-01 15:00:54.171077,335,3244
e_3144_1,2017-07-01 16:22:21.770634,2017-07-01 16:24:52.524042,3255,3259
461_8,2017-07-01 16:58:24.355147,2017-07-01 17:00:36.358867,492,498
3049_0,2017-07-01 16:58:28.304960,2017-07-01 17:01:04.313581,3255,523
3331_4,2017-07-01 18:21:27.194502,2017-07-01 18:26:13.708095,3259,509
3101_5,2017-07-01 18:53:47.142914,2017-07-01 18:59:32.527141,3093,3090
444_11,2017-07-01 19:15:10.747055,2017-07-01 19:19:20.972238,2002,539
3126_6,2017-07-01 19:18:57.962852,2017-07-01 19:20:47.207954,539,3093
251_9,2017-07-02 10:26:32.269891,2017-07-02 10:28:28.614166,253,280
2010_19,2017-07-02 13:26:51.207801,2017-07-02 13:29:49.119822,3093,2002
332_11,2017-07-02 16:51:17.870150,2017-07-02 16:54:52.724837,3427,229
3182_16,2017-07-03 13:10:24.062034,2017-07-03 13:12:48.514748,418,430
3374_5,2017-07-03 16:21:33.041389,2017-07-03 16:24:34.988582,2000,321
3427_3,2017-07-03 17:23:30.951269,2017-07-03 17:26:26.349438,363,304
150_12,2017-07-03 17:23:18.988202,2017-07-03 17:26:34.068493,363,304
480_2,2017-07-04 08:27:34.603429,2017-07-04 08:29:47.131587,360,306
3455_7,2017-07-04 08:30:07.732278,2017-07-04 08:33:34.352820,306,279
167_2,2017-07-04 08:30:43.509324,2017-07-04 08:34:15.482295,306,279
285_13,2017-07-04 09:04:39.338852,2017-07-04 09:07:08.094917,319,195
3164_24,2017-07-04 09:06:47.200708,2017-07-04 09:08:13.869787,195,319
394_8,2017-07-04 09:07:34.874226,2017-07-04 09:09:17.233230,195,319
3402_9,2017-07-04 09:07:55.606301,2017-07-04 09:11:31.051606,195,319
418_11,2017-07-04 09:09:12.203395,2017-07-04 09:13:32.829308,257,355
385_4,2017-07-04 09:14:36.893490,2017-07-04 09:16:09.694545,376,360
3056_11,2017-07-04 09:13:57.429708,2017-07-04 09:16:19.770593,363,2008
146_15,2017-07-04 09:14:44.203649,2017-07-04 09:16:24.490183,376,360
470_4,2017-07-04 09:15:35.493372,2017-07-04 09:17:15.726822,376,360
3328_9,2017-07-04 09:16:18.597307,2017-07-04 09:18:13.119367,360,316
517_12,2017-07-04 09:15:52.039857,2017-07-04 09:18:23.221985,360,316
361_14,2017-07-04 09:16:42.346165,2017-07-04 09:19:12.246543,360,316
259_10,2017-07-04 09:19:45.155395,2017-07-04 09:22:36.443240,316,360
440_6,2017-07-04 09:21:51.495134,2017-07-04 09:24:04.896429,363,2008
3167_18,2017-07-04 09:23:25.908713,2017-07-04 09:27:02.417223,360,330
3383_11,2017-07-04 09:23:43.240816,2017-07-04 09:29:59.431349,195,152
229_8,2017-07-04 09:26:29.538521,2017-07-04 09:31:43.122565,360,315
315_11,2017-07-04 09:26:30.265888,2017-07-04 09:33:13.545543,304,315
461_6,2017-07-04 09:29:20.049269,2017-07-04 09:33:47.493965,360,146
3179_7,2017-07-04 09:32:52.712457,2017-07-04 09:36:23.297508,315,259
259_16,2017-07-04 09:37:14.933188,2017-07-04 09:40:47.153382,79,3436
3325_5,2017-07-04 09:37:23.224712,2017-07-04 09:41:17.346636,259,415
3163_3,2017-07-04 09:35:09.840438,2017-07-04 09:41:25.309512,259,337
2008_11,2017-07-04 09:38:36.843645,2017-07-04 09:41:28.060342,79,3436
524_3,2017-07-04 09:39:26.856195,2017-07-04 09:42:16.323277,330,387
2022_11,2017-07-04 09:37:09.163806,2017-07-04 09:43:11.625275,259,415
3348_6,2017-07-04 09:37:15.668998,2017-07-04 09:43:24.032616,259,415
440_3,2017-07-04 09:46:41.326339,2017-07-04 09:49:30.109941,260,360
3387_10,2017-07-04 09:47:33.099502,2017-07-04 09:50:06.620922,309,426
436_12,2017-07-04 09:49:31.571539,2017-07-04 09:51:33.195332,360,319
3318_8,2017-07-04 09:48:11.924247,2017-07-04 09:51:33.963818,260,337
497_20,2017-07-04 09:50:52.788978,2017-07-04 09:55:07.238627,337,319
3164_15,2017-07-04 09:54:27.447374,2017-07-04 09:57:36.787310,496,253
537_9,2017-07-04 09:57:51.802761,2017-07-04 10:01:38.392203,417,330
442_25,2017-07-04 09:58:29.372405,2017-07-04 10:01:45.276647,319,330
3427_16,2017-07-04 09:58:36.236667,2017-07-04 10:02:38.947493,224,330
3288_19,2017-07-04 10:01:11.241327,2017-07-04 10:04:46.702446,417,327
3312_16,2017-07-04 10:01:26.997268,2017-07-04 10:05:06.248518,330,376
492_7,2017-07-04 10:04:43.752028,2017-07-04 10:05:41.850574,195,376
3143_0,2017-07-04 10:02:21.805157,2017-07-04 10:05:47.334975,330,376
3046_2,2017-07-04 10:02:43.982320,2017-07-04 10:06:26.907092,330,376
3405_3,2017-07-04 10:01:43.885759,2017-07-04 10:07:04.351212,330,376
3150_3,2017-07-04 10:01:07.421106,2017-07-04 10:09:18.272690,417,327
3259_7,2017-07-04 10:08:50.213539,2017-07-04 10:14:00.346991,415,363
3110_0,2017-07-04 10:11:21.374144,2017-07-04 10:15:42.884704,415,363
3466_14,2017-07-04 10:23:23.703153,2017-07-04 10:25:23.581302,248,3436
3243_5,2017-07-04 10:23:48.845452,2017-07-04 10:26:10.967542,248,3436
390_1,2017-07-04 10:20:16.973046,2017-07-04 10:26:32.596572,363,426
505_12,2017-07-04 10:23:50.470129,2017-07-04 10:27:12.369066,426,3436
458_10,2017-07-04 10:21:07.606979,2017-07-04 10:29:19.277796,363,426
3350_9,2017-07-04 10:27:52.769671,2017-07-04 10:31:39.005662,426,146
497_1,2017-07-04 10:30:01.039114,2017-07-04 10:34:12.820097,426,327
3176_10,2017-07-04 10:39:21.379044,2017-07-04 10:48:41.444925,319,257
313_11,2017-07-04 10:46:18.838148,2017-07-04 10:49:18.208205,146,320
3116_9,2017-07-04 10:48:46.160013,2017-07-04 10:51:47.566279,320,330
405_3,2017-07-04 10:49:39.164056,2017-07-04 10:52:24.967821,320,330
3132_4,2017-07-04 10:51:36.102693,2017-07-04 10:52:34.200813,316,319
3117_5,2017-07-04 10:47:30.486370,2017-07-04 10:55:46.615785,146,328
3342_11,2017-07-04 10:53:55.107487,2017-07-04 10:56:41.842102,308,386
368_4,2017-07-04 10:51:53.692473,2017-07-04 10:57:06.483433,320,386
3113_2,2017-07-04 10:52:35.570309,2017-07-04 10:57:08.624225,319,351
3241_8,2017-07-04 10:57:12.252906,2017-07-04 11:03:05.032961,351,279
2006_14,2017-07-04 11:16:17.374156,2017-07-04 11:18:45.444876,363,304
3143_14,2017-07-04 11:16:54.907783,2017-07-04 11:20:08.809409,363,304
3379_9,2017-07-04 11:22:04.835306,2017-07-04 11:26:03.196028,152,319
3139_17,2017-07-04 11:43:08.661445,2017-07-04 11:47:20.574849,351,259
3152_19,2017-07-04 11:44:36.600050,2017-07-04 11:47:50.467374,351,376
151_2,2017-07-04 11:47:42.778637,2017-07-04 11:51:02.597693,376,279
3307_14,2017-07-04 11:50:43.433307,2017-07-04 11:53:48.670221,415,315
3245_14,2017-07-04 11:51:23.359802,2017-07-04 11:55:02.431148,279,315
503_8,2017-07-04 12:06:08.354884,2017-07-04 12:12:17.766384,327,426
3397_2,2017-07-04 12:13:10.130582,2017-07-04 12:15:39.018545,260,315
519_9,2017-07-04 12:20:14.604429,2017-07-04 12:25:28.440507,337,319
454_15,2017-07-04 12:36:43.306508,2017-07-04 12:38:35.204650,249,248
252_14,2017-07-04 12:39:50.234719,2017-07-04 12:42:53.455491,309,152
3140_22,2017-07-04 12:42:58.598825,2017-07-04 12:45:15.688590,152,3461
320_13,2017-07-04 12:47:18.197052,2017-07-04 12:51:26.627002,309,426
479_0,2017-07-04 12:53:37.853700,2017-07-04 12:55:20.178473,319,195
3140_1,2017-07-04 12:52:13.955469,2017-07-04 12:56:26.660251,3002,304
405_7,2017-07-04 12:58:00.850369,2017-07-04 13:04:04.708077,387,320
537_0,2017-07-04 13:02:13.469958,2017-07-04 13:05:06.058016,3461,309
321_6,2017-07-04 13:06:45.534898,2017-07-04 13:09:29.816636,309,249
513_3,2017-07-04 13:10:43.793868,2017-07-04 13:17:01.279414,417,330
351_6,2017-07-04 13:23:01.731571,2017-07-04 13:25:50.176766,351,195
3160_14,2017-07-04 13:25:33.717278,2017-07-04 13:27:14.940754,351,306
3501_13,2017-07-04 13:23:48.611355,2017-07-04 13:28:07.644616,351,319
3082_6,2017-07-04 13:26:52.103878,2017-07-04 13:29:42.057430,319,195
296_0,2017-07-04 13:28:23.242488,2017-07-04 13:30:37.657558,152,3461
3417_0,2017-07-04 13:34:36.004138,2017-07-04 13:36:07.765917,387,224
168_10,2017-07-04 13:32:46.165290,2017-07-04 13:37:10.933899,387,309
348_10,2017-07-04 13:38:41.790566,2017-07-04 13:42:33.864633,3002,417
3058_6,2017-07-04 13:43:27.043231,2017-07-04 13:45:44.967184,360,306
520_19,2017-07-04 13:41:25.286008,2017-07-04 13:47:24.101772,3002,309
72_0,2017-07-04 13:44:44.525273,2017-07-04 13:47:51.389520,360,306
379_17,2017-07-04 13:44:54.552614,2017-07-04 13:47:57.581451,306,351
242_4,2017-07-04 13:47:39.503611,2017-07-04 13:50:32.091960,351,360
458_4,2017-07-04 13:48:17.575557,2017-07-04 13:51:00.097619,146,426
304_8,2017-07-04 13:48:50.266903,2017-07-04 13:52:07.704818,351,360
3430_3,2017-07-04 13:52:42.024388,2017-07-04 13:55:54.935098,330,146
267_16,2017-07-04 13:55:48.841573,2017-07-04 13:56:56.105808,146,249
278_3,2017-07-04 13:57:43.760817,2017-07-04 14:00:32.495644,146,3461
3156_7,2017-07-04 13:58:49.091372,2017-07-04 14:00:38.603753,3461,417
428_3,2017-07-04 13:59:32.581431,2017-07-04 14:03:15.325350,417,146
3370_4,2017-07-04 13:59:19.503460,2017-07-04 14:04:24.315595,259,304
427_6,2017-07-04 14:01:23.304552,2017-07-04 14:06:16.729563,3002,304
3263_26,2017-07-04 14:04:09.063312,2017-07-04 14:07:05.831853,146,330
3458_2,2017-07-04 14:13:33.000005,2017-07-04 14:16:24.533981,309,426
3425_2,2017-07-04 14:43:04.046512,2017-07-04 14:45:15.837162,304,534
3161_8,2017-07-04 15:02:38.410100,2017-07-04 15:04:15.301201,360,316
3290_5,2017-07-04 15:12:29.679934,2017-07-04 15:14:49.014538,315,337
3350_0,2017-07-04 19:48:35.949841,2017-07-04 19:53:34.476907,326,236
3119_2,2017-07-04 19:47:05.799827,2017-07-04 19:53:55.573292,478,448
395_14,2017-07-04 20:22:22.125307,2017-07-04 20:24:43.281260,326,236
503_13,2017-07-04 20:22:28.470456,2017-07-04 20:26:23.913268,326,236
3362_11,2017-07-04 20:48:15.068040,2017-07-04 20:50:41.342959,236,3263
3162_19,2017-07-04 20:56:54.902276,2017-07-04 21:00:16.195493,326,432
3472_7,2017-07-04 21:00:48.006306,2017-07-04 21:03:25.320096,432,317
357_3,2017-07-04 21:00:45.857069,2017-07-04 21:04:24.502536,432,317
3161_1,2017-07-04 21:01:03.003561,2017-07-04 21:04:29.485546,432,317
3343_0,2017-07-04 21:03:54.377789,2017-07-04 21:06:06.275203,317,301
484_6,2017-07-04 21:06:00.653670,2017-07-04 21:09:04.878553,301,317
146_19,2017-07-04 21:20:07.412316,2017-07-04 21:26:03.608253,3263,483
517_23,2017-07-04 21:31:46.725216,2017-07-04 21:34:51.796492,236,3263
490_11,2017-07-04 21:43:22.597376,2017-07-04 21:46:56.970347,410,312
323_17,2017-07-04 21:57:19.850596,2017-07-04 22:00:53.377416,438,237
3158_8,2017-07-04 22:09:42.772645,2017-07-04 22:12:20.148355,403,428
383_9,2017-07-04 22:17:36.676030,2017-07-04 22:22:38.780830,432,393
389_8,2017-07-04 23:02:51.422278,2017-07-04 23:05:33.351517,438,236
3244_3,2017-07-05 08:58:15.837983,2017-07-05 09:00:11.545524,309,249
3316_10,2017-07-05 08:58:10.184123,2017-07-05 09:00:28.690916,309,249
2003_8,2017-07-05 09:36:23.882403,2017-07-05 09:39:08.603753,146,79
524_14,2017-07-05 09:53:05.338034,2017-07-05 09:55:31.649327,315,337
339_8,2017-07-05 09:54:34.117774,2017-07-05 09:58:36.685683,315,259
2008_10,2017-07-05 10:35:09.378623,2017-07-05 10:39:42.415600,417,320
410_12,2017-07-05 10:55:54.770623,2017-07-05 10:59:34.948106,430,321
3321_8,2017-07-05 11:59:46.554915,2017-07-05 12:01:02.397350,249,146
3372_8,2017-07-05 12:56:14.944038,2017-07-05 12:58:50.672379,3461,146
3117_6,2017-07-05 13:39:39.276605,2017-07-05 13:44:00.877960,249,3461
3142_8,2017-07-05 14:51:32.756257,2017-07-05 14:54:27.138764,309,426
2010_10,2017-07-05 14:56:04.295048,2017-07-05 14:59:15.366759,426,327
228_20,2017-07-05 14:56:30.436917,2017-07-05 14:59:18.214007,426,327
334_11,2017-07-05 15:31:00.056667,2017-07-05 15:34:47.024189,327,146
486_2,2017-07-05 15:33:37.899608,2017-07-05 15:37:25.466520,146,417
3244_13,2017-07-05 19:06:03.143707,2017-07-05 19:07:59.169277,237,483
3363_14,2017-07-05 20:07:53.831043,2017-07-05 20:10:50.524931,326,237
3129_6,2017-07-05 20:09:53.700405,2017-07-05 20:12:12.078530,237,438
252_5,2017-07-05 20:19:43.454918,2017-07-05 20:21:09.716255,317,301
514_24,2017-07-05 20:19:31.083385,2017-07-05 20:21:34.185084,317,301
3323_23,2017-07-05 20:20:17.311423,2017-07-05 20:22:12.868852,317,301
526_5,2017-07-05 20:21:21.561840,2017-07-05 20:24:40.504952,301,150
516_6,2017-07-05 20:23:12.130619,2017-07-05 20:25:05.365717,301,150
3403_3,2017-07-05 20:27:29.266536,2017-07-05 20:29:16.442367,301,150
479_11,2017-07-05 20:29:43.571707,2017-07-05 20:31:59.266369,237,483
3324_7,2017-07-05 20:29:57.734949,2017-07-05 20:32:00.872363,237,483
254_3,2017-07-05 20:31:41.653761,2017-07-05 20:32:53.238778,504,2003
3510_15,2017-07-05 20:33:24.878415,2017-07-05 20:35:58.023097,411,266
276_10,2017-07-05 20:34:25.106638,2017-07-05 20:36:16.123139,411,394
3314_15,2017-07-05 20:41:26.187522,2017-07-05 20:45:52.167685,511,504
3135_7,2017-07-05 20:44:22.598821,2017-07-05 20:46:50.446423,504,545
264_3,2017-07-05 20:50:29.009498,2017-07-05 20:52:18.391343,326,237
405_17,2017-07-05 20:50:01.551031,2017-07-05 20:53:06.835798,326,237
3100_1,2017-07-05 21:05:49.280812,2017-07-05 21:07:39.659152,2003,504
3107_5,2017-07-05 21:22:57.083384,2017-07-05 21:25:48.605033,301,317
3371_12,2017-07-05 21:22:18.560444,2017-07-05 21:26:06.609827,301,317
339_7,2017-07-05 21:22:53.691589,2017-07-05 21:27:42.573779,349,317
3187_7,2017-07-05 21:25:03.181283,2017-07-05 21:27:51.471963,317,150
3165_21,2017-07-05 21:24:15.826409,2017-07-05 21:28:30.966080,349,150
364_4,2017-07-05 21:25:04.148971,2017-07-05 21:28:37.654996,317,150
247_6,2017-07-05 22:11:33.391605,2017-07-05 22:14:07.617798,483,237
285_18,2017-07-05 22:29:29.433103,2017-07-05 22:33:14.160497,236,3263
377_7,2017-07-05 23:20:46.469015,2017-07-05 23:22:55.173043,236,3263
3294_0,2017-07-06 00:13:18.943469,2017-07-06 00:18:49.301964,433,445
3150_2,2017-07-06 08:49:21.513331,2017-07-06 08:51:59.275135,522,456
525_6,2017-07-06 08:50:04.787204,2017-07-06 08:52:29.887409,503,3463
3142_4,2017-07-06 08:51:57.339521,2017-07-06 08:53:27.354743,503,3463
267_17,2017-07-06 08:53:06.415076,2017-07-06 08:55:08.194868,3463,503
3362_12,2017-07-06 09:12:11.684117,2017-07-06 09:13:36.752369,491,537
3452_6,2017-07-06 09:35:21.913352,2017-07-06 09:37:37.332017,3463,297
251_3,2017-07-06 09:48:43.684641,2017-07-06 09:50:26.703684,164,440
3411_11,2017-07-06 09:48:09.111426,2017-07-06 09:51:08.423212,164,440
72_1,2017-07-06 09:49:59.011163,2017-07-06 09:52:44.558987,3443,3458
3307_3,2017-07-06 10:02:26.639755,2017-07-06 10:04:05.002711,3463,297
442_9,2017-07-06 10:04:24.831114,2017-07-06 10:05:55.667148,468,469
399_10,2017-07-06 10:04:37.736395,2017-07-06 10:07:09.485427,468,469
428_9,2017-07-06 10:03:54.143004,2017-07-06 10:07:15.544252,3463,497
284_8,2017-07-06 10:27:39.147727,2017-07-06 10:29:53.902714,3463,297
3282_16,2017-07-06 11:22:00.825683,2017-07-06 11:26:32.062798,359,456
228_18,2017-07-06 11:32:19.507457,2017-07-06 11:34:15.903534,3459,385
3137_7,2017-07-06 11:43:41.751619,2017-07-06 11:46:15.464578,484,524
3139_10,2017-07-06 17:26:28.647858,2017-07-06 17:30:44.627618,3255,3259
423_13,2017-07-06 17:27:21.871378,2017-07-06 17:31:26.903708,3255,3259
402_16,2017-07-06 17:30:14.950331,2017-07-06 17:32:49.115661,3259,509
519_28,2017-07-06 18:10:08.163406,2017-07-06 18:15:11.588687,3255,3259
260_5,2017-07-06 19:49:54.392047,2017-07-06 19:54:13.377931,326,237
394_10,2017-07-06 19:52:58.985357,2017-07-06 19:55:58.524642,237,438
3458_15,2017-07-06 20:17:10.222518,2017-07-06 20:19:19.064560,237,236
3466_13,2017-07-06 20:24:24.789655,2017-07-06 20:27:03.286138,326,236
507_17,2017-07-06 20:27:55.904115,2017-07-06 20:30:01.492399,237,438
297_11,2017-07-06 20:28:25.250820,2017-07-06 20:30:20.141241,237,438
524_4,2017-07-06 20:28:35.503264,2017-07-06 20:30:31.875227,237,438
3303_11,2017-07-06 20:28:37.110458,2017-07-06 20:30:39.433932,236,3263
527_8,2017-07-06 20:28:21.126375,2017-07-06 20:30:53.147962,237,438
3092_7,2017-07-06 20:47:05.359116,2017-07-06 20:50:04.218614,236,3263
522_24,2017-07-06 20:55:38.297357,2017-07-06 20:59:07.156293,326,504
3094_5,2017-07-06 21:08:25.330172,2017-07-06 21:10:39.161956,237,236
236_8,2017-07-06 21:08:34.636928,2017-07-06 21:11:20.154231,237,236
447_2,2017-07-06 21:25:20.798525,2017-07-06 21:27:42.221352,301,428
459_19,2017-07-06 21:38:50.958197,2017-07-06 21:42:25.732771,394,150
3302_1,2017-07-06 21:39:35.006441,2017-07-06 21:42:53.440858,394,150
3394_9,2017-07-06 21:40:00.977697,2017-07-06 21:43:37.231825,433,432
293_5,2017-07-06 21:50:30.617021,2017-07-06 21:53:34.744958,438,3263
505_1,2017-07-06 22:32:19.297231,2017-07-06 22:35:26.197794,433,317
3294_3,2017-07-06 22:49:57.279549,2017-07-06 22:52:24.474644,3263,438
267_24,2017-07-07 08:53:08.928141,2017-07-07 08:55:16.122393,3457,305
3118_12,2017-07-07 08:52:06.561196,2017-07-07 08:55:22.770488,3457,305
418_6,2017-07-07 08:53:52.585078,2017-07-07 08:56:29.314886,3457,305
470_14,2017-07-07 08:53:16.931691,2017-07-07 08:57:13.348101,3457,305
376_6,2017-07-07 08:59:50.849843,2017-07-07 09:02:33.489818,309,146
3375_9,2017-07-07 09:00:24.879359,2017-07-07 09:03:48.298500,426,327
3321_2,2017-07-07 09:01:41.599283,2017-07-07 09:04:12.375616,3088,3096
228_14,2017-07-07 09:06:44.920802,2017-07-07 09:08:16.006549,3461,417
455_16,2017-07-07 09:06:56.346547,2017-07-07 09:09:09.066291,3461,417
3458_10,2017-07-07 09:07:30.749640,2017-07-07 09:10:21.825667,3461,309
480_4,2017-07-07 09:08:57.905023,2017-07-07 09:10:48.034126,417,309
416_4,2017-07-07 09:12:18.953315,2017-07-07 09:14:26.020001,309,249
332_5,2017-07-07 09:37:38.307327,2017-07-07 09:40:26.769898,3233,484
3328_18,2017-07-07 09:37:50.757080,2017-07-07 09:41:29.703445,3233,484
3176_7,2017-07-07 09:41:05.408453,2017-07-07 09:42:38.108302,249,79
356_3,2017-07-07 09:40:16.767537,2017-07-07 09:43:01.000852,3233,359
3143_16,2017-07-07 09:44:13.145965,2017-07-07 09:46:51.150511,359,440
3286_2,2017-07-07 09:44:36.463807,2017-07-07 09:47:20.207415,359,440
3146_10,2017-07-07 09:44:38.689132,2017-07-07 09:47:35.693241,359,440
420_4,2017-07-07 09:50:36.117585,2017-07-07 09:52:57.751917,522,456
3160_10,2017-07-07 09:52:28.225801,2017-07-07 09:56:18.976503,456,3132
276_7,2017-07-07 09:54:37.874022,2017-07-07 09:56:56.052070,456,3132
3119_8,2017-07-07 09:58:02.006132,2017-07-07 09:59:54.082387,3463,497
251_11,2017-07-07 09:58:24.358487,2017-07-07 10:01:18.463941,484,524
3425_12,2017-07-07 09:59:34.976203,2017-07-07 10:01:58.608008,497,3463
164_5,2017-07-07 10:02:02.498091,2017-07-07 10:04:05.835205,3463,503
3256_6,2017-07-07 10:04:03.945822,2017-07-07 10:08:09.404901,456,3132
432_2,2017-07-07 10:04:22.418078,2017-07-07 10:08:53.768394,456,3132
325_4,2017-07-07 10:04:27.954085,2017-07-07 10:09:11.641199,320,387
422_0,2017-07-07 10:04:24.139461,2017-07-07 10:09:45.977187,320,387
324_3,2017-07-07 10:08:36.230505,2017-07-07 10:10:57.071732,79,320
3306_9,2017-07-07 10:10:12.855473,2017-07-07 10:14:01.403696,327,146
3461_5,2017-07-07 10:10:56.346943,2017-07-07 10:14:37.663237,257,355
195_20,2017-07-07 10:12:55.930313,2017-07-07 10:15:04.284249,359,164
477_19,2017-07-07 10:12:18.153455,2017-07-07 10:15:05.600744,359,164
3425_5,2017-07-07 10:12:26.737835,2017-07-07 10:15:08.826264,359,164
386_12,2017-07-07 10:13:42.507066,2017-07-07 10:17:04.475505,146,79
168_15,2017-07-07 10:15:05.865000,2017-07-07 10:18:16.223306,146,79
266_2,2017-07-07 10:15:04.808225,2017-07-07 10:18:22.066811,146,79
3461_14,2017-07-07 10:29:50.072438,2017-07-07 10:34:15.488422,146,327
3355_7,2017-07-07 10:30:38.645377,2017-07-07 10:35:00.217068,146,327
477_2,2017-07-07 10:29:37.128333,2017-07-07 10:36:35.293812,146,327
3284_10,2017-07-07 10:37:10.396109,2017-07-07 10:39:15.538139,351,315
3044_6,2017-07-07 10:54:21.694941,2017-07-07 10:56:18.373654,337,351
313_1,2017-07-07 10:56:55.916735,2017-07-07 10:59:28.456794,351,376
314_19,2017-07-07 11:01:32.223023,2017-07-07 11:04:05.193973,376,351
537_5,2017-07-07 11:02:48.848067,2017-07-07 11:05:11.954013,376,351
387_8,2017-07-07 11:03:53.649101,2017-07-07 11:07:02.523248,351,195
3137_4,2017-07-07 11:03:53.654651,2017-07-07 11:08:40.383822,351,195
3145_17,2017-07-07 11:13:56.432390,2017-07-07 11:17:12.206434,3132,3136
119_7,2017-07-07 11:15:59.512772,2017-07-07 11:18:35.253602,359,456
164_9,2017-07-07 11:16:58.139887,2017-07-07 11:20:24.839336,359,456
3192_7,2017-07-07 11:16:55.221184,2017-07-07 11:20:27.371248,359,456
505_7,2017-07-07 11:17:03.895504,2017-07-07 11:22:54.911501,3136,456
379_12,2017-07-07 11:26:22.456086,2017-07-07 11:29:20.398486,152,146
483_16,2017-07-07 11:24:45.727125,2017-07-07 11:30:04.690796,387,152
376_3,2017-07-07 11:31:03.637605,2017-07-07 11:35:00.755265,249,320
293_26,2017-07-07 11:31:17.531437,2017-07-07 11:35:06.555481,152,320
545_1,2017-07-07 11:52:01.833445,2017-07-07 11:54:15.504000,264,415
3134_19,2017-07-07 11:54:20.083773,2017-07-07 11:56:51.531969,3461,417
520_0,2017-07-07 11:57:14.811169,2017-07-07 12:00:52.022160,417,320
3427_17,2017-07-07 12:05:05.826987,2017-07-07 12:07:20.814411,2010,377
302_7,2017-07-07 12:16:10.375353,2017-07-07 12:24:45.565158,257,3436
3119_17,2017-07-07 12:26:52.865359,2017-07-07 12:28:07.681361,316,3489
350_4,2017-07-07 12:27:10.175119,2017-07-07 12:32:25.913378,377,3474
261_0,2017-07-07 12:50:30.956103,2017-07-07 12:52:41.670199,195,304
3349_8,2017-07-07 12:51:31.565020,2017-07-07 12:53:16.011640,360,319
128_14,2017-07-07 14:47:11.134513,2017-07-07 14:52:02.448804,146,309
3420_7,2017-07-07 14:55:38.296128,2017-07-07 14:58:19.697128,360,195
409_1,2017-07-07 16:51:04.002076,2017-07-07 16:52:57.217263,362,498
3424_5,2017-07-07 18:06:10.390074,2017-07-07 18:09:25.301379,3255,494
3374_14,2017-07-07 19:13:48.185812,2017-07-07 19:17:04.650543,301,410
3141_19,2017-07-07 19:43:07.195058,2017-07-07 19:45:37.499171,326,236
3046_0,2017-07-07 20:14:21.805461,2017-07-07 20:16:19.790959,326,237
3286_4,2017-07-07 20:13:55.152141,2017-07-07 20:16:43.320834,326,237
3255_3,2017-07-07 20:17:45.772690,2017-07-07 20:21:04.793636,393,301
484_11,2017-07-07 20:47:10.939945,2017-07-07 20:50:02.426115,326,236
2009_12,2017-07-07 20:56:33.811380,2017-07-07 20:59:39.613254,494,3255
399_9,2017-07-07 21:04:32.750525,2017-07-07 21:06:38.832281,317,394
345_0,2017-07-07 21:06:24.329753,2017-07-07 21:10:36.307265,394,339
345_4,2017-07-07 21:06:10.177694,2017-07-07 21:10:48.235348,394,339
3350_4,2017-07-07 21:06:21.090234,2017-07-07 21:10:54.782330,394,339
3358_6,2017-07-07 21:06:22.192855,2017-07-07 21:11:13.030713,394,339
346_11,2017-07-07 21:15:56.947696,2017-07-07 21:18:36.047887,326,237
3139_15,2017-07-07 21:24:25.375081,2017-07-07 21:28:31.130630,394,317
116_11,2017-07-07 21:30:34.717674,2017-07-07 21:32:49.581416,301,410
3494_8,2017-07-07 21:30:36.467569,2017-07-07 21:33:05.405050,301,410
3386_8,2017-07-07 21:30:44.259700,2017-07-07 21:33:08.678518,301,410
3263_20,2017-07-07 21:39:00.984921,2017-07-07 21:42:20.058850,410,349
3500_11,2017-07-07 21:41:04.886636,2017-07-07 21:43:59.348646,433,432
3370_0,2017-07-07 21:48:45.711304,2017-07-07 21:51:09.727315,445,326
3070_7,2017-07-07 22:08:30.501175,2017-07-07 22:10:47.191347,326,237
3453_7,2017-07-07 22:14:24.092385,2017-07-07 22:16:48.922431,433,432
500_8,2017-07-07 22:14:14.175371,2017-07-07 22:19:02.680190,433,432
3126_1,2017-07-07 22:18:12.367015,2017-07-07 22:21:18.466725,432,301
307_8,2017-07-07 23:06:45.081671,2017-07-07 23:10:03.134382,317,410
392_9,2017-07-08 09:16:06.114421,2017-07-08 09:20:13.158803,3443,500
327_5,2017-07-08 14:37:48.652199,2017-07-08 14:42:01.421487,321,232
380_19,2017-07-08 17:12:18.654402,2017-07-08 17:15:50.793162,3255,3259
501_1,2017-07-08 19:45:12.926242,2017-07-08 19:47:47.500634,326,236
3368_10,2017-07-08 19:48:07.379741,2017-07-08 19:50:51.857478,326,237
3302_10,2017-07-08 20:17:30.723888,2017-07-08 20:19:49.822089,317,326
3144_8,2017-07-08 20:40:51.836619,2017-07-08 20:43:34.394320,3263,438
3435_15,2017-07-08 20:42:01.212310,2017-07-08 20:43:58.860670,438,326
474_16,2017-07-08 20:52:13.819868,2017-07-08 20:55:05.591009,483,293
232_3,2017-07-08 21:05:32.544893,2017-07-08 21:09:33.511112,317,432
476_5,2017-07-08 21:07:53.195239,2017-07-08 21:12:00.115336,432,236
3536_7,2017-07-08 21:19:42.115692,2017-07-08 21:22:12.858131,237,483
309_1,2017-07-08 21:33:54.957861,2017-07-08 21:37:21.957334,326,237
3455_8,2017-07-08 22:08:14.543886,2017-07-08 22:10:26.874503,326,237
3296_14,2017-07-09 12:25:04.222889,2017-07-09 12:27:25.600840,3087,3091
485_16,2017-07-09 12:45:49.679551,2017-07-09 12:48:33.445086,335,3244
384_1,2017-07-09 14:12:37.202144,2017-07-09 14:14:57.989902,335,3260
3494_11,2017-07-09 14:14:05.196469,2017-07-09 14:15:48.372012,335,3260
3258_12,2017-07-09 14:17:36.878462,2017-07-09 14:21:19.261952,3092,3101
153_7,2017-07-09 15:01:46.779164,2017-07-09 15:04:46.494697,3088,3091
3328_14,2017-07-09 16:15:38.645667,2017-07-09 16:18:45.022592,3093,3090
3447_1,2017-07-09 16:45:32.909444,2017-07-09 16:47:16.665264,3096,3452
3382_6,2017-07-09 16:46:21.592899,2017-07-09 16:48:22.057964,3016,3093
3536_12,2017-07-09 17:00:36.125004,2017-07-09 17:02:08.255881,3109,3105
303_14,2017-07-10 13:00:50.861674,2017-07-10 13:04:40.072434,3088,3452
3069_5,2017-07-10 14:24:42.320718,2017-07-10 14:28:12.904486,3087,3096
515_5,2017-07-10 15:25:05.019007,2017-07-10 15:26:58.200457,3088,3096
257_0,2017-07-10 15:27:00.232217,2017-07-10 15:31:19.241564,3096,3090
3091_15,2017-07-10 17:13:59.721992,2017-07-10 17:17:01.279436,3105,3110
257_19,2017-07-10 17:15:14.527893,2017-07-10 17:17:14.128129,3476,3110
3107_2,2017-07-10 17:44:58.191251,2017-07-10 17:48:15.940678,3107,3105
403_14,2017-07-10 17:57:58.059996,2017-07-10 18:00:26.405059,3090,3096
143_7,2017-07-10 18:00:12.013707,2017-07-10 18:03:45.110288,3096,3101
395_6,2017-07-10 18:28:40.404709,2017-07-10 18:32:26.993102,3101,3105
303_4,2017-07-10 18:54:21.550747,2017-07-10 18:56:30.734012,336,369
3100_15,2017-07-10 18:59:49.017806,2017-07-10 19:01:50.269300,336,252
3414_2,2017-07-11 08:16:59.616336,2017-07-11 08:19:36.206315,3092,2002
3283_23,2017-07-11 08:55:46.365002,2017-07-11 09:01:45.585871,414,407
383_8,2017-07-11 08:59:19.357403,2017-07-11 09:02:49.415526,327,146
3542_7,2017-07-11 09:01:57.610847,2017-07-11 09:04:48.208551,3002,327
3124_5,2017-07-11 09:06:15.850742,2017-07-11 09:08:11.933858,309,152
3054_7,2017-07-11 09:09:35.049213,2017-07-11 09:12:35.138494,152,320
436_9,2017-07-11 09:10:51.480190,2017-07-11 09:13:24.594144,334,435
278_1,2017-07-11 09:23:20.969096,2017-07-11 09:27:18.003466,415,306
363_23,2017-07-11 09:31:46.002879,2017-07-11 09:35:01.129260,415,264
3290_0,2017-07-11 09:36:47.765561,2017-07-11 09:40:56.522516,315,195
296_11,2017-07-11 09:47:29.030603,2017-07-11 09:50:13.005903,351,360
228_12,2017-07-11 09:43:53.076495,2017-07-11 09:50:33.719687,260,351
468_0,2017-07-11 09:47:10.916274,2017-07-11 09:52:26.935926,351,360
153_2,2017-07-11 09:50:22.809341,2017-07-11 09:52:46.444739,264,360
420_10,2017-07-11 09:48:59.840454,2017-07-11 09:53:15.992437,351,264
3381_6,2017-07-11 09:51:47.033406,2017-07-11 09:53:55.041033,264,319
3437_4,2017-07-11 09:49:58.410550,2017-07-11 09:54:50.314916,264,319
422_6,2017-07-11 09:49:26.764406,2017-07-11 09:55:33.165602,315,264
3092_3,2017-07-11 09:53:03.896434,2017-07-11 09:55:48.188906,319,152
3169_12,2017-07-11 09:52:37.698597,2017-07-11 09:55:59.469597,534,315
444_7,2017-07-11 09:56:30.562108,2017-07-11 10:00:34.534067,152,320
258_5,2017-07-11 10:05:06.342375,2017-07-11 10:08:07.921686,232,322
3107_10,2017-07-11 10:07:36.603911,2017-07-11 10:10:20.124693,297,325
3390_4,2017-07-11 10:12:04.164509,2017-07-11 10:13:26.090163,195,360
3322_4,2017-07-11 10:17:15.262716,2017-07-11 10:21:35.400432,315,304
3177_12,2017-07-11 10:16:27.470814,2017-07-11 10:22:36.626325,315,304
3464_5,2017-07-11 10:17:23.886935,2017-07-11 10:22:47.941379,315,304
3421_4,2017-07-11 10:22:30.820584,2017-07-11 10:24:47.750816,377,2010
3357_5,2017-07-11 10:16:47.788121,2017-07-11 10:26:35.319472,315,304
3140_17,2017-07-11 10:31:48.331890,2017-07-11 10:34:07.704465,407,391
119_6,2017-07-11 10:39:18.168375,2017-07-11 10:42:11.196055,426,327
285_14,2017-07-11 10:54:53.298668,2017-07-11 10:56:55.419064,152,309
3126_8,2017-07-11 10:56:18.091921,2017-07-11 10:58:24.124167,152,309
539_10,2017-07-11 10:57:29.540268,2017-07-11 11:00:25.556235,309,327
3135_16,2017-07-11 10:58:09.133539,2017-07-11 11:00:37.375344,309,327
422_8,2017-07-11 10:58:27.640721,2017-07-11 11:01:27.909923,309,327
3427_11,2017-07-11 10:58:08.828037,2017-07-11 11:01:51.090252,309,327
3077_14,2017-07-11 10:59:00.440165,2017-07-11 11:02:19.204432,3002,327
496_1,2017-07-11 10:59:09.439167,2017-07-11 11:03:10.720087,3002,327
3236_15,2017-07-11 11:05:08.031677,2017-07-11 11:11:11.948776,417,327
415_12,2017-07-11 11:13:13.296968,2017-07-11 11:15:59.881424,327,3461
3377_2,2017-07-11 11:16:30.174282,2017-07-11 11:18:34.871578,2000,430
247_9,2017-07-11 11:23:31.363433,2017-07-11 11:25:51.449232,319,152
241_5,2017-07-11 11:23:53.967617,2017-07-11 11:26:39.178000,319,152
486_18,2017-07-11 11:25:57.338097,2017-07-11 11:28:34.846805,152,309
435_1,2017-07-11 11:54:10.048619,2017-07-11 11:56:13.278573,309,426
3343_8,2017-07-11 11:57:53.717930,2017-07-11 11:58:14.557636,316,376
3175_7,2017-07-11 12:31:45.200258,2017-07-11 12:34:22.424143,360,316
244_10,2017-07-11 13:00:46.391703,2017-07-11 13:03:25.949841,259,315
534_0,2017-07-11 13:06:16.384621,2017-07-11 13:10:13.609899,249,417
3282_13,2017-07-11 13:07:00.314117,2017-07-11 13:10:51.436198,360,195
3211_3,2017-07-11 14:05:39.037485,2017-07-11 14:07:31.334547,376,316
3171_8,2017-07-11 14:12:42.772615,2017-07-11 14:14:36.496329,337,315
3374_3,2017-07-11 14:23:01.997689,2017-07-11 14:26:14.126500,427,534
520_11,2017-07-11 15:02:45.423447,2017-07-11 15:04:12.536161,276,249
3161_16,2017-07-11 15:03:14.044128,2017-07-11 15:05:29.676132,309,249
3294_11,2017-07-11 16:01:25.079215,2017-07-11 16:03:38.590131,351,337
511_1,2017-07-11 16:12:05.317419,2017-07-11 16:18:00.675722,2000,414
458_12,2017-07-11 17:01:15.835158,2017-07-11 17:04:07.583521,274,243
351_17,2017-07-11 17:22:22.704560,2017-07-11 17:25:16.414423,3255,3259
3387_0,2017-07-11 20:15:24.017320,2017-07-11 20:17:44.830377,237,438
530_6,2017-07-11 21:08:12.600551,2017-07-11 21:11:15.992870,438,439
520_10,2017-07-11 21:12:16.766538,2017-07-11 21:13:33.398437,301,410
3144_9,2017-07-11 21:23:10.507179,2017-07-11 21:26:17.534482,301,428
3284_0,2017-07-12 09:21:26.498248,2017-07-12 09:22:43.494812,264,376
517_4,2017-07-12 09:33:42.732574,2017-07-12 09:36:12.539314,359,440
164_18,2017-07-12 09:39:19.717185,2017-07-12 09:42:09.597468,309,249
386_21,2017-07-12 09:46:22.681162,2017-07-12 09:48:24.265343,3463,497
146_6,2017-07-12 09:57:21.329333,2017-07-12 09:59:26.848242,491,537
3314_12,2017-07-12 10:02:28.273215,2017-07-12 10:04:39.442202,3096,3452
388_12,2017-07-12 10:03:20.817867,2017-07-12 10:05:15.596922,3096,3452
3221_11,2017-07-12 10:05:06.298829,2017-07-12 10:08:29.932293,315,337
3354_6,2017-07-12 10:09:27.508579,2017-07-12 10:11:14.825720,3463,497
465_10,2017-07-12 10:10:28.731345,2017-07-12 10:15:07.389776,315,260
3295_11,2017-07-12 10:16:00.717081,2017-07-12 10:19:48.625581,260,351
461_16,2017-07-12 10:17:16.147597,2017-07-12 10:20:19.057859,376,351
167_10,2017-07-12 10:15:29.295492,2017-07-12 10:20:24.856754,260,351
422_3,2017-07-12 10:19:51.492357,2017-07-12 10:21:25.894978,351,315
3052_2,2017-07-12 11:03:36.058073,2017-07-12 11:06:42.911501,360,306
168_1,2017-07-12 11:20:48.990016,2017-07-12 11:23:31.693058,360,316
2023_17,2017-07-12 13:36:55.709992,2017-07-12 13:40:01.204342,146,79
3132_11,2017-07-12 14:08:04.969996,2017-07-12 14:12:08.070959,414,407
366_7,2017-07-12 14:09:26.037623,2017-07-12 14:13:39.111084,414,407
3166_0,2017-07-12 14:25:29.669940,2017-07-12 14:29:51.270037,259,304
3056_10,2017-07-12 17:33:41.397589,2017-07-12 17:36:07.647926,494,442
284_5,2017-07-12 17:35:57.184269,2017-07-12 17:38:50.879081,442,446
327_12,2017-07-12 17:45:33.574044,2017-07-12 17:47:22.115891,3232,395
529_18,2017-07-12 17:45:23.525411,2017-07-12 17:47:54.206370,243,274
393_3,2017-07-12 18:10:13.849566,2017-07-12 18:12:51.184273,3255,494
3224_2,2017-07-12 19:26:53.741090,2017-07-12 19:30:37.647097,326,236
342_4,2017-07-12 19:42:47.160989,2017-07-12 19:45:27.038635,326,237
3461_1,2017-07-12 20:01:35.683198,2017-07-12 20:03:11.764262,317,301
351_13,2017-07-12 20:17:12.407390,2017-07-12 20:19:31.767865,445,438
3474_15,2017-07-12 20:17:21.330062,2017-07-12 20:20:40.342188,445,438
3298_3,2017-07-12 20:33:43.557419,2017-07-12 20:35:20.797638,317,393
306_5,2017-07-12 20:34:31.215633,2017-07-12 20:36:18.950926,326,237
460_10,2017-07-12 20:38:09.609748,2017-07-12 20:40:44.121032,301,410
e_3077_1,2017-07-12 20:43:06.067966,2017-07-12 20:44:23.149102,445,326
3072_11,2017-07-12 21:00:06.099340,2017-07-12 21:03:44.375769,393,428
401_3,2017-07-12 21:00:20.983302,2017-07-12 21:03:59.822907,393,428
355_20,2017-07-12 20:59:22.656307,2017-07-12 21:04:51.914031,393,428
3100_8,2017-07-12 21:07:01.714586,2017-07-12 21:11:34.256455,326,483
364_9,2017-07-12 21:28:25.761533,2017-07-12 21:30:01.425104,317,301
3378_2,2017-07-12 21:34:50.773000,2017-07-12 21:36:58.686693,326,236
3288_18,2017-07-12 21:33:28.141707,2017-07-12 21:37:03.539128,394,326
3109_9,2017-07-12 21:36:18.333559,2017-07-12 21:39:53.910603,326,445
396_8,2017-07-12 21:35:20.054291,2017-07-12 21:40:04.285781,326,445
259_1,2017-07-12 21:51:03.031171,2017-07-12 21:52:59.884166,393,394
469_26,2017-07-12 21:52:53.131064,2017-07-12 21:57:02.640414,394,236
3313_2,2017-07-12 21:53:28.733465,2017-07-12 21:58:33.135270,394,504
3553_14,2017-07-12 21:58:09.754625,2017-07-12 22:00:51.203972,504,545
325_5,2017-07-12 22:06:49.817785,2017-07-12 22:08:42.981477,236,3263
3328_5,2017-07-12 22:14:15.587984,2017-07-12 22:16:59.067907,432,393
3178_8,2017-07-12 22:13:50.987140,2017-07-12 22:20:04.820888,432,393
3551_10,2017-07-12 22:29:12.800663,2017-07-12 22:33:34.807691,302,445
3296_11,2017-07-12 22:34:08.981351,2017-07-12 22:37:39.672710,445,504
3375_8,2017-07-12 22:57:06.794309,2017-07-12 22:59:53.635533,236,3263
127_13,2017-07-12 23:08:16.103009,2017-07-12 23:10:28.079559,326,504
284_9,2017-07-13 09:13:15.490263,2017-07-13 09:14:42.315501,3463,297
3159_6,2017-07-13 09:13:26.939688,2017-07-13 09:14:52.091259,3463,297
450_25,2017-07-13 09:13:11.722082,2017-07-13 09:15:21.311992,3463,297
3150_21,2017-07-13 09:46:57.414379,2017-07-13 09:50:41.573436,3463,503
2021_18,2017-07-13 12:45:29.908748,2017-07-13 12:47:14.509840,249,146
3294_9,2017-07-13 17:35:33.330239,2017-07-13 17:39:26.553560,3255,3259
3136_9,2017-07-13 18:53:35.913972,2017-07-13 18:55:11.418066,150,393
3070_10,2017-07-13 19:16:54.806608,2017-07-13 19:18:47.970002,301,150
3016_0,2017-07-13 19:39:05.607788,2017-07-13 19:43:38.914715,410,349
491_5,2017-07-13 19:50:20.451801,2017-07-13 19:53:44.354660,445,236
422_7,2017-07-13 19:59:54.414800,2017-07-13 20:01:58.034874,438,326
419_10,2017-07-13 20:00:35.479502,2017-07-13 20:04:07.112918,438,445
3070_6,2017-07-13 20:01:46.643314,2017-07-13 20:04:08.571400,438,236
3342_1,2017-07-13 20:02:44.010424,2017-07-13 20:06:01.674745,438,236
3259_10,2017-07-13 20:05:23.206371,2017-07-13 20:08:43.226742,317,150
534_12,2017-07-13 20:05:04.957928,2017-07-13 20:09:42.634238,236,3263
3306_11,2017-07-13 20:07:32.500694,2017-07-13 20:10:04.131881,150,410
3065_12,2017-07-13 20:07:37.152484,2017-07-13 20:10:27.051617,150,410
3466_9,2017-07-13 20:14:54.342510,2017-07-13 20:17:03.745391,301,410
3223_17,2017-07-13 20:15:05.139146,2017-07-13 20:17:08.497010,301,410
295_9,2017-07-13 20:32:49.645418,2017-07-13 20:36:38.702364,394,339
328_0,2017-07-13 20:35:22.436897,2017-07-13 20:36:41.336956,504,2003
3241_0,2017-07-13 20:36:35.237264,2017-07-13 20:39:25.589374,326,236
296_4,2017-07-13 20:52:16.135382,2017-07-13 20:54:13.972200,433,326
485_2,2017-07-13 20:55:13.478114,2017-07-13 20:58:48.641051,410,150
3315_3,2017-07-13 20:59:10.805553,2017-07-13 21:03:29.431584,504,297
483_9,2017-07-13 21:29:50.469081,2017-07-13 21:31:04.273483,433,326
340_0,2017-07-13 21:29:39.745630,2017-07-13 21:31:34.704890,433,326
3192_10,2017-07-13 21:30:35.571912,2017-07-13 21:32:27.751706,433,326
282_13,2017-07-13 21:32:15.184106,2017-07-13 21:35:08.811607,326,483
3146_12,2017-07-13 21:48:34.722742,2017-07-13 21:50:59.102154,3263,483
3224_4,2017-07-13 21:56:26.243071,2017-07-13 22:00:07.408617,438,439
3421_7,2017-07-13 22:18:24.113358,2017-07-13 22:25:12.297826,237,293
540_6,2017-07-13 22:23:01.266207,2017-07-13 22:26:03.777197,237,438
3330_1,2017-07-13 22:28:01.552643,2017-07-13 22:32:35.968344,438,3263
519_3,2017-07-13 23:04:48.777655,2017-07-13 23:06:42.770316,433,504
393_12,2017-07-13 23:13:16.701502,2017-07-13 23:16:10.331743,461,325
3323_1,2017-07-14 10:04:53.389653,2017-07-14 10:07:33.541134,3463,297
3178_9,2017-07-14 10:11:47.915799,2017-07-14 10:14:29.137487,334,435
467_11,2017-07-14 10:14:43.803172,2017-07-14 10:16:47.511886,351,195
3119_20,2017-07-14 10:17:28.516031,2017-07-14 10:20:08.669471,503,491
3547_12,2017-07-14 10:15:38.773322,2017-07-14 10:20:10.483672,351,195
3419_13,2017-07-14 10:17:43.919036,2017-07-14 10:20:46.497324,195,351
454_5,2017-07-14 10:15:12.383022,2017-07-14 10:21:25.057183,351,195
296_9,2017-07-14 10:39:04.556665,2017-07-14 10:42:27.391099,3463,325
3233_12,2017-07-14 10:42:01.902856,2017-07-14 10:45:23.644431,3233,456
473_11,2017-07-14 11:21:46.329748,2017-07-14 11:23:08.111886,249,146
3508_4,2017-07-14 12:14:38.303173,2017-07-14 12:16:59.992041,320,330
3121_9,2017-07-14 12:16:53.963667,2017-07-14 12:23:46.259605,259,304
3255_7,2017-07-14 12:26:51.392364,2017-07-14 12:29:50.122727,260,376
3095_0,2017-07-14 13:40:30.778678,2017-07-14 13:42:46.548996,249,146
340_3,2017-07-14 13:41:15.369978,2017-07-14 13:43:13.399722,249,146
3367_12,2017-07-14 13:42:53.341894,2017-07-14 13:45:11.902928,146,330
3223_2,2017-07-14 13:43:46.254485,2017-07-14 13:45:54.377757,146,330
3397_1,2017-07-14 14:48:34.680187,2017-07-14 14:52:05.143679,3461,417
520_8,2017-07-14 15:35:53.239534,2017-07-14 15:39:35.533046,377,2010
426_7,2017-07-14 15:53:13.804348,2017-07-14 15:56:02.125000,152,387
516_0,2017-07-14 16:02:13.995456,2017-07-14 16:03:58.631317,276,3461
e_528_0,2017-07-14 16:25:00.213544,2017-07-14 16:27:11.182462,3255,3259
284_3,2017-07-14 18:11:46.789366,2017-07-14 18:14:32.831087,254,253
3077_7,2017-07-14 19:00:39.115479,2017-07-14 19:04:44.373494,3255,494
3393_1,2017-07-14 19:10:09.499295,2017-07-14 19:12:22.172966,237,483
479_3,2017-07-14 19:44:15.103833,2017-07-14 19:47:07.239483,445,394
3283_17,2017-07-14 20:00:09.883993,2017-07-14 20:02:40.418956,326,237
3263_0,2017-07-14 20:05:35.933788,2017-07-14 20:08:00.943516,312,410
3137_10,2017-07-14 20:05:34.460804,2017-07-14 20:08:08.048346,511,504
403_7,2017-07-14 20:08:59.840753,2017-07-14 20:12:21.076637,504,297
496_3,2017-07-14 20:13:29.236003,2017-07-14 20:14:46.635911,237,236
507_15,2017-07-14 20:18:57.125218,2017-07-14 20:21:28.029828,445,433
503_10,2017-07-14 20:25:47.285865,2017-07-14 20:27:49.444386,2003,545
3076_8,2017-07-14 20:31:21.490506,2017-07-14 20:34:11.722085,2003,487
144_1,2017-07-14 20:32:02.170941,2017-07-14 20:34:18.620918,2003,487
502_10,2017-07-14 20:46:34.299868,2017-07-14 20:51:26.553001,511,2003
498_3,2017-07-14 20:54:17.930878,2017-07-14 20:56:10.605032,445,3632
3536_15,2017-07-14 20:58:49.580891,2017-07-14 21:00:36.352404,150,394
3411_10,2017-07-14 21:01:14.009834,2017-07-14 21:02:45.466758,237,236
3164_0,2017-07-14 21:20:11.391924,2017-07-14 21:22:04.927631,317,301
3412_4,2017-07-14 21:18:27.371065,2017-07-14 21:22:15.873916,438,439
441_4,2017-07-14 21:27:51.852639,2017-07-14 21:29:50.958159,433,511
3323_24,2017-07-14 21:38:03.797837,2017-07-14 21:40:12.035617,317,394
3358_1,2017-07-14 21:40:29.772504,2017-07-14 21:43:50.265652,394,433
3303_2,2017-07-14 21:47:47.695255,2017-07-14 21:50:35.922309,3263,483
3256_1,2017-07-14 21:47:59.128541,2017-07-14 21:51:05.394220,432,317
3347_6,2017-07-14 22:01:04.224475,2017-07-14 22:03:42.277712,438,236
398_11,2017-07-14 22:22:17.344582,2017-07-14 22:24:46.923923,317,394
3231_17,2017-07-14 22:30:23.778353,2017-07-14 22:32:16.572154,326,237
346_7,2017-07-14 22:30:29.296707,2017-07-14 22:33:15.056210,326,237
3346_8,2017-07-14 22:30:22.948097,2017-07-14 22:34:29.525675,445,317
444_12,2017-07-15 14:01:44.868837,2017-07-15 14:05:18.494414,276,309
3316_9,2017-07-15 16:30:55.685748,2017-07-15 16:32:18.532605,249,146
3238_12,2017-07-15 16:31:21.291039,2017-07-15 16:34:36.940984,249,146
439_3,2017-07-15 17:16:08.647487,2017-07-15 17:17:22.933928,442,446
258_6,2017-07-15 17:40:02.697556,2017-07-15 17:42:20.395305,442,446
3366_9,2017-07-15 17:41:49.607195,2017-07-15 17:43:34.167412,442,446
3258_3,2017-07-15 17:43:45.437582,2017-07-15 17:45:14.506619,446,334
426_5,2017-07-15 18:57:15.027459,2017-07-15 19:00:31.622301,237,236
531_14,2017-07-15 19:04:37.243459,2017-07-15 19:07:35.790535,539,3090
3284_15,2017-07-15 21:34:55.913073,2017-07-15 21:39:39.741496,432,301
322_6,2017-07-16 11:10:47.715853,2017-07-16 11:12:04.467446,3088,3091
3064_8,2017-07-16 12:34:50.847937,2017-07-16 12:37:07.507650,2002,460
3402_3,2017-07-16 12:37:33.784358,2017-07-16 12:41:42.374615,3087,3096
503_11,2017-07-16 12:53:44.444792,2017-07-16 12:56:25.221745,3096,3090
3508_8,2017-07-16 12:55:57.824191,2017-07-16 12:58:47.505627,3090,539
3452_12,2017-07-16 12:57:29.516101,2017-07-16 12:59:49.193672,2002,460
3283_4,2017-07-16 12:57:16.500564,2017-07-16 13:00:07.063481,83,3429
285_8,2017-07-16 13:04:38.938974,2017-07-16 13:09:19.048712,3092,3088
356_5,2017-07-16 13:25:32.793532,2017-07-16 13:28:39.818630,3087,3096
3461_11,2017-07-16 13:30:08.257714,2017-07-16 13:33:48.295609,3101,3105
3331_1,2017-07-16 13:32:16.070188,2017-07-16 13:35:05.268002,3090,539
3125_10,2017-07-16 13:41:31.984215,2017-07-16 13:44:11.600290,3107,3096
355_16,2017-07-16 13:41:03.608447,2017-07-16 13:44:45.167838,3101,3449
3146_21,2017-07-16 13:52:48.951179,2017-07-16 13:57:41.483756,3090,3107
456_10,2017-07-16 14:01:19.017036,2017-07-16 14:06:24.590298,3103,3102
309_0,2017-07-16 14:46:05.902471,2017-07-16 14:50:17.602533,3096,3091
3094_8,2017-07-16 14:52:20.854382,2017-07-16 14:55:10.803546,3103,3016
382_9,2017-07-16 16:30:09.713000,2017-07-16 16:33:47.441355,539,3090
3348_4,2017-07-17 15:54:07.141157,2017-07-17 15:57:06.435723,335,3244
3632_15,2017-07-17 16:12:37.136801,2017-07-17 16:15:39.957762,3016,3103
545_13,2017-07-17 16:13:20.095976,2017-07-17 16:16:43.324902,3016,3103
164_12,2017-07-17 16:19:15.203765,2017-07-17 16:22:38.750230,3107,3096
3159_0,2017-07-17 19:02:59.754280,2017-07-17 19:05:11.616271,312,401
3472_17,2017-07-17 19:09:34.808364,2017-07-17 19:13:18.758917,531,401
3143_13,2017-07-17 19:17:46.695309,2017-07-17 19:20:55.171167,531,312
3075_8,2017-07-17 20:45:59.534940,2017-07-17 20:50:50.142466,3090,3107
497_7,2017-07-18 08:32:12.300101,2017-07-18 08:33:18.860012,316,306
361_3,2017-07-18 08:44:16.160683,2017-07-18 08:45:28.346538,491,537
389_5,2017-07-18 09:04:13.566889,2017-07-18 09:05:49.334188,79,249
348_2,2017-07-18 09:03:13.569736,2017-07-18 09:06:02.430168,79,249
3363_13,2017-07-18 09:05:02.148515,2017-07-18 09:07:07.619069,79,249
3145_19,2017-07-18 09:18:32.194243,2017-07-18 09:20:45.250737,276,3461
3407_2,2017-07-18 09:52:34.889256,2017-07-18 09:56:45.947755,417,276
3311_1,2017-07-18 10:17:18.074211,2017-07-18 10:19:31.746414,426,327
228_16,2017-07-18 10:16:33.155022,2017-07-18 10:21:07.315729,426,327
3428_6,2017-07-18 10:24:44.095726,2017-07-18 10:26:21.484403,376,360
497_3,2017-07-18 10:26:15.048795,2017-07-18 10:29:13.178355,152,387
3472_18,2017-07-18 10:27:03.429775,2017-07-18 10:32:51.453720,426,328
3242_12,2017-07-18 11:13:38.836905,2017-07-18 11:17:02.485675,3436,426
3366_13,2017-07-18 11:14:04.896426,2017-07-18 11:17:33.876757,3436,426
3151_8,2017-07-18 11:35:06.358153,2017-07-18 11:37:00.552393,146,330
3405_4,2017-07-18 11:49:01.219829,2017-07-18 11:53:14.596602,417,152
276_4,2017-07-18 11:56:42.798530,2017-07-18 11:59:13.606596,330,320
3102_6,2017-07-18 13:33:17.635986,2017-07-18 13:36:28.608349,276,426
501_13,2017-07-18 13:39:36.650205,2017-07-18 13:43:14.091151,3092,2002
434_14,2017-07-18 13:57:18.712712,2017-07-18 14:01:00.134101,316,351
406_0,2017-07-18 14:11:21.715948,2017-07-18 14:14:09.909705,309,417
3152_12,2017-07-18 14:12:56.453202,2017-07-18 14:18:45.582263,417,195
3345_4,2017-07-18 14:49:40.531505,2017-07-18 14:52:15.694631,386,257
303_5,2017-07-18 14:51:14.930989,2017-07-18 14:53:12.586802,3461,417
497_6,2017-07-18 15:09:42.867585,2017-07-18 15:15:51.663401,79,276
377_0,2017-07-18 15:12:12.178145,2017-07-18 15:16:43.582016,319,260
3392_5,2017-07-18 15:15:16.519901,2017-07-18 15:16:57.055824,276,249
386_7,2017-07-18 15:12:42.185651,2017-07-18 15:18:12.230960,319,260
422_1,2017-07-18 15:18:59.151052,2017-07-18 15:21:39.252047,79,257
3298_8,2017-07-18 15:31:01.573162,2017-07-18 15:33:10.406469,3461,309
3540_16,2017-07-18 16:04:24.449255,2017-07-18 16:06:24.254192,249,276
445_5,2017-07-18 18:17:18.208990,2017-07-18 18:19:04.720216,345,253
239_2,2017-07-18 18:54:55.897634,2017-07-18 18:58:34.945025,254,253
3235_6,2017-07-18 19:47:04.844461,2017-07-18 19:49:28.290158,237,236
2000_4,2017-07-18 19:54:21.110353,2017-07-18 19:57:43.300251,237,236
3177_24,2017-07-18 20:14:51.742757,2017-07-18 20:16:40.226655,504,2003
3335_4,2017-07-18 20:15:20.274428,2017-07-18 20:16:40.680236,504,2003
376_19,2017-07-18 20:31:55.812735,2017-07-18 20:33:35.004308,504,2003
3362_3,2017-07-18 21:20:24.168955,2017-07-18 21:22:18.151992,438,326
3312_5,2017-07-18 21:30:34.228451,2017-07-18 21:33:30.047508,445,433
3529_8,2017-07-18 21:31:33.182155,2017-07-18 21:33:56.787405,433,2003
377_12,2017-07-18 21:37:38.379103,2017-07-18 21:40:15.233422,237,483
354_1,2017-07-18 21:58:35.645992,2017-07-18 22:01:26.207332,301,410
e_2005_0,2017-07-19 08:46:39.540209,2017-07-19 08:50:43.219419,359,456
380_0,2017-07-19 09:19:30.825933,2017-07-19 09:21:32.526638,440,164
3134_10,2017-07-19 09:37:16.219590,2017-07-19 09:38:45.816154,3463,497
228_6,2017-07-19 09:57:08.351985,2017-07-19 09:58:34.549672,325,297
3379_8,2017-07-19 09:58:00.823327,2017-07-19 09:59:44.810017,325,297
3122_6,2017-07-19 10:03:00.594056,2017-07-19 10:04:43.349901,360,316
3308_4,2017-07-19 16:47:23.372631,2017-07-19 16:49:38.445814,442,446
3236_13,2017-07-19 16:47:32.729902,2017-07-19 16:50:01.601931,442,446
278_4,2017-07-19 17:46:07.855302,2017-07-19 17:49:12.403348,3255,494
324_13,2017-07-19 17:53:38.814767,2017-07-19 17:57:07.344405,3255,3259
359_5,2017-07-19 19:41:08.158675,2017-07-19 19:43:57.999995,326,504
e_3464_1,2017-07-19 20:03:09.588009,2017-07-19 20:05:57.290286,432,326
3169_0,2017-07-19 20:32:12.976263,2017-07-19 20:35:38.125730,504,545
312_9,2017-07-19 21:14:11.461060,2017-07-19 21:17:14.473033,432,428
403_10,2017-07-19 21:30:28.978983,2017-07-19 21:32:18.541298,326,237
3192_4,2017-07-19 21:49:06.718159,2017-07-19 21:50:54.137308,511,433
3226_11,2017-07-19 21:49:07.337811,2017-07-19 21:51:36.236766,511,433
3302_4,2017-07-19 22:12:35.130012,2017-07-19 22:16:05.491881,317,394
3078_8,2017-07-19 23:14:16.145293,2017-07-19 23:16:21.506437,394,445
3447_10,2017-07-20 07:12:58.717607,2017-07-20 07:15:04.422524,3087,3091
383_7,2017-07-20 07:12:22.421257,2017-07-20 07:15:40.794872,3087,3091
339_4,2017-07-20 09:23:29.310222,2017-07-20 09:25:40.083898,3463,297
3338_4,2017-07-20 10:40:21.862546,2017-07-20 10:41:31.452182,316,376
334_10,2017-07-20 13:17:26.328694,2017-07-20 13:20:23.364624,146,330
3313_5,2017-07-20 13:32:17.171436,2017-07-20 13:34:21.594112,152,309
3346_6,2017-07-20 16:25:55.561135,2017-07-20 16:28:47.399798,146,330
496_9,2017-07-20 18:09:57.701887,2017-07-20 18:12:24.215569,3255,3259
236_18,2017-07-20 19:24:24.025679,2017-07-20 19:27:21.448053,353,83
314_10,2017-07-20 20:00:49.915952,2017-07-20 20:03:47.068189,317,326
3071_8,2017-07-20 20:01:58.449803,2017-07-20 20:06:24.682692,432,236
3213_6,2017-07-20 20:58:24.950510,2017-07-20 20:59:59.365922,326,504
261_7,2017-07-20 21:10:56.661902,2017-07-20 21:12:28.579258,326,236
402_9,2017-07-20 21:09:44.216520,2017-07-20 21:12:34.591051,326,236
3396_11,2017-07-20 21:13:15.925548,2017-07-20 21:16:52.906272,445,438
3445_13,2017-07-21 08:55:35.681470,2017-07-21 08:57:12.106714,3463,297
3054_3,2017-07-21 08:56:31.010364,2017-07-21 08:58:30.372412,297,3463
477_25,2017-07-21 08:57:00.364037,2017-07-21 08:58:34.067232,297,3463
3316_14,2017-07-21 09:01:50.335917,2017-07-21 09:03:46.904963,297,325
3092_6,2017-07-21 09:45:51.981611,2017-07-21 09:47:17.231645,3463,297
492_10,2017-07-21 09:45:52.452856,2017-07-21 09:47:26.515355,3463,297
3127_11,2017-07-21 09:56:59.489599,2017-07-21 09:58:46.173022,3463,297
3159_13,2017-07-21 09:57:41.993769,2017-07-21 10:01:11.730677,522,359
3508_3,2017-07-21 09:58:19.600203,2017-07-21 10:01:27.764741,456,3457
315_13,2017-07-21 10:02:39.229412,2017-07-21 10:05:33.522021,522,456
264_8,2017-07-21 10:09:14.330048,2017-07-21 10:11:30.534784,3466,3458
458_11,2017-07-21 10:10:10.160974,2017-07-21 10:12:20.762348,325,297
242_2,2017-07-21 11:02:14.424687,2017-07-21 11:06:32.243226,257,377
3332_2,2017-07-21 11:08:54.338391,2017-07-21 11:11:50.843483,2010,257
3325_7,2017-07-21 12:05:14.212280,2017-07-21 12:08:30.633082,3457,3132
3289_12,2017-07-21 19:31:13.225562,2017-07-21 19:33:37.261649,237,236
462_16,2017-07-21 19:31:31.134013,2017-07-21 19:34:11.596589,237,236
276_3,2017-07-21 19:49:28.520037,2017-07-21 19:51:16.461091,326,237
314_7,2017-07-21 21:34:52.931691,2017-07-21 21:36:59.396128,301,150
3100_17,2017-07-21 21:57:31.362627,2017-07-21 22:00:09.072542,511,445
3301_1,2017-07-21 22:48:15.302559,2017-07-21 22:50:05.058528,150,301
3360_9,2017-07-21 22:48:46.143339,2017-07-21 22:50:08.662006,150,301
3167_0,2017-07-21 23:07:50.205124,2017-07-21 23:12:06.620579,504,545
3125_6,2017-07-21 23:29:11.301763,2017-07-21 23:31:22.197426,237,236
450_24,2017-07-21 23:29:18.770430,2017-07-21 23:31:39.787461,237,236
3167_14,2017-07-22 08:27:43.306686,2017-07-22 08:30:10.053557,297,3463
3322_7,2017-07-22 09:43:33.225931,2017-07-22 09:45:12.683360,3016,3092
3121_3,2017-07-22 09:44:25.585097,2017-07-22 09:46:40.369424,3016,3092
3223_25,2017-07-22 13:01:10.210172,2017-07-22 13:04:03.399207,260,376
509_11,2017-07-22 16:46:05.346195,2017-07-22 16:50:25.385144,3016,3090
146_10,2017-07-22 18:13:40.719845,2017-07-22 18:15:02.650735,3259,494
3163_0,2017-07-22 18:17:05.714542,2017-07-22 18:19:41.597078,3092,2002
491_12,2017-07-22 19:11:26.090616,2017-07-22 19:14:21.833988,2002,3092
439_11,2017-07-22 21:06:32.294746,2017-07-22 21:08:14.721490,3091,3095
363_3,2017-07-22 21:08:35.885428,2017-07-22 21:10:20.711531,3103,3107
401_5,2017-07-23 10:28:12.277571,2017-07-23 10:32:06.270403,274,83
3063_2,2017-07-23 12:19:30.042603,2017-07-23 12:21:41.559314,3101,3107
3069_0,2017-07-23 12:22:37.832254,2017-07-23 12:26:42.753438,3107,3096
3135_13,2017-07-23 12:32:33.802072,2017-07-23 12:34:59.200010,3107,3096
324_21,2017-07-23 12:51:19.496830,2017-07-23 12:53:59.403153,3092,3107
492_9,2017-07-23 14:30:20.019824,2017-07-23 14:32:52.389311,3096,3102
3147_12,2017-07-23 14:35:11.223680,2017-07-23 14:38:35.046651,3090,3101
281_23,2017-07-23 14:56:06.639978,2017-07-23 14:58:19.297006,3096,3101
3083_2,2017-07-23 15:15:02.186296,2017-07-23 15:16:54.622693,3088,3090
362_26,2017-07-23 15:24:52.291876,2017-07-23 15:27:37.935642,3392,3344
3201_4,2017-07-23 15:25:27.377123,2017-07-23 15:29:40.166159,3392,3344
3173_5,2017-07-23 15:26:15.679492,2017-07-23 15:30:48.597887,3392,3344
454_1,2017-07-23 16:38:31.411696,2017-07-23 16:40:02.093527,3090,3088
3416_7,2017-07-23 16:41:15.810137,2017-07-23 16:44:49.861849,3407,3420
3391_7,2017-07-23 17:28:53.404335,2017-07-23 17:32:37.390567,3087,3456
3176_2,2017-07-24 10:58:56.429382,2017-07-24 11:00:33.820814,3408,3303
478_14,2017-07-24 10:59:22.101459,2017-07-24 11:01:42.472318,3408,3303
383_19,2017-07-24 11:58:49.691850,2017-07-24 12:03:30.869412,3016,3093
3462_6,2017-07-24 14:37:07.982096,2017-07-24 14:40:40.974075,315,259
526_18,2017-07-25 08:46:16.184807,2017-07-25 08:49:06.408853,430,418
3373_11,2017-07-25 10:14:12.726641,2017-07-25 10:16:08.413145,260,376
3353_12,2017-07-25 10:20:28.353660,2017-07-25 10:26:12.863862,414,407
3542_6,2017-07-25 12:51:49.512893,2017-07-25 12:54:51.009669,260,259
532_4,2017-07-25 13:18:25.047034,2017-07-25 13:21:21.071935,2008,304
446_2,2017-07-25 13:21:49.524988,2017-07-25 13:25:16.520129,316,351
476_17,2017-07-25 13:23:27.421377,2017-07-25 13:29:48.001436,351,195
3167_20,2017-07-25 14:54:30.483448,2017-07-25 14:56:40.759538,534,337
3462_18,2017-07-25 17:29:51.063431,2017-07-25 17:35:02.839196,3392,3347
345_16,2017-07-25 17:39:56.975969,2017-07-25 17:43:19.691557,494,442
3295_14,2017-07-25 19:39:46.020563,2017-07-25 19:42:51.611794,3408,3329
3172_6,2017-07-25 19:56:02.868932,2017-07-25 19:58:36.495154,3303,3408
494_17,2017-07-25 21:04:48.735355,2017-07-25 21:08:38.487773,326,237
3156_13,2017-07-25 21:59:46.007301,2017-07-25 22:02:54.896958,326,237
e_3390_0,2017-07-26 08:39:57.450581,2017-07-26 08:42:52.728040,359,456
3312_12,2017-07-26 17:22:05.105695,2017-07-26 17:24:43.185082,3255,494
3140_11,2017-07-26 17:22:20.198303,2017-07-26 17:25:01.760366,3255,494
321_9,2017-07-26 18:01:24.304935,2017-07-26 18:02:50.913449,297,483
3147_17,2017-07-26 20:42:06.834139,2017-07-26 20:46:11.540534,393,317
417_3,2017-07-26 20:44:05.485479,2017-07-26 20:47:31.273115,410,150
477_6,2017-07-26 20:49:22.503213,2017-07-26 20:56:10.130387,3392,3348
3338_8,2017-07-26 21:07:58.594633,2017-07-26 21:10:23.111499,326,237
3366_0,2017-07-26 21:20:51.596630,2017-07-26 21:22:35.991118,3371,3373
3049_8,2017-07-26 21:26:05.613164,2017-07-26 21:28:08.455924,394,317
232_9,2017-07-26 21:36:20.917737,2017-07-26 21:38:46.077091,317,411
3304_0,2017-07-26 21:36:55.709939,2017-07-26 21:40:14.525072,317,326
401_12,2017-07-26 21:55:05.183268,2017-07-26 21:58:49.689653,432,438
446_16,2017-07-26 22:20:37.169888,2017-07-26 22:24:43.714106,393,410
316_15,2017-07-26 22:19:59.264018,2017-07-26 22:25:00.782787,393,410
450_20,2017-07-26 23:32:49.701596,2017-07-26 23:35:04.755005,237,236
528_0,2017-07-26 23:32:37.464873,2017-07-26 23:35:42.764364,237,236
3285_9,2017-07-27 09:02:03.717144,2017-07-27 09:04:08.773755,3461,417
391_15,2017-07-27 09:01:20.738657,2017-07-27 09:04:17.380626,337,534
2023_9,2017-07-27 09:00:30.533252,2017-07-27 09:04:27.047657,3461,417
337_15,2017-07-27 09:15:58.032893,2017-07-27 09:19:28.188070,415,351
3166_6,2017-07-27 09:17:54.793989,2017-07-27 09:21:19.458715,415,351
3161_21,2017-07-27 13:48:19.064137,2017-07-27 13:52:08.487653,415,360
485_4,2017-07-27 13:49:06.226722,2017-07-27 13:52:50.447010,415,360
3466_8,2017-07-27 15:54:11.320248,2017-07-27 15:56:04.198899,79,320
520_13,2017-07-27 16:37:41.265211,2017-07-27 16:40:04.104262,249,152
346_12,2017-07-27 18:22:27.566705,2017-07-27 18:25:38.680241,3352,3353
3602_9,2017-07-27 19:09:53.897750,2017-07-27 19:12:39.708748,3255,494
3226_13,2017-07-27 19:41:23.080611,2017-07-27 19:43:40.810102,3303,3409
3452_16,2017-07-27 19:41:44.782749,2017-07-27 19:45:33.158364,326,504
79_3,2017-07-27 19:48:49.101700,2017-07-27 19:50:21.059946,326,236
3173_16,2017-07-27 19:56:35.155715,2017-07-27 20:02:44.554176,3353,3344
3462_5,2017-07-27 20:10:23.989301,2017-07-27 20:13:42.221487,326,237
3075_12,2017-07-27 20:12:33.664397,2017-07-27 20:14:52.409198,312,401
387_4,2017-07-27 20:20:10.687835,2017-07-27 20:22:30.187226,237,236
393_15,2017-07-27 20:21:49.979373,2017-07-27 20:24:07.324075,432,236
3100_9,2017-07-27 20:23:39.291616,2017-07-27 20:28:01.672305,432,428
3429_2,2017-07-27 20:50:45.552485,2017-07-27 20:53:20.949525,2003,545
285_19,2017-07-27 20:50:30.082069,2017-07-27 20:53:54.647865,2003,545
360_13,2017-07-27 21:16:16.860959,2017-07-27 21:19:22.145672,3632,445
3119_4,2017-07-27 21:57:23.809981,2017-07-27 22:00:00.399746,301,410
3459_11,2017-07-27 22:14:44.750842,2017-07-27 22:18:39.256118,326,236
397_3,2017-07-27 22:21:27.619897,2017-07-27 22:24:22.715692,439,3263
254_2,2017-07-28 08:17:06.782638,2017-07-28 08:19:15.164856,3090,3096
3436_14,2017-07-28 08:17:23.631258,2017-07-28 08:19:51.473737,3090,3096
312_13,2017-07-28 09:02:12.075065,2017-07-28 09:04:54.545006,309,249
501_9,2017-07-28 09:03:44.633770,2017-07-28 09:05:12.700630,309,249
3353_0,2017-07-28 09:18:38.104785,2017-07-28 09:20:48.409381,417,309
514_0,2017-07-28 10:20:59.481644,2017-07-28 10:26:04.821769,279,316
327_3,2017-07-28 11:29:46.190364,2017-07-28 11:33:20.293442,195,316
236_9,2017-07-28 17:00:33.941134,2017-07-28 17:05:02.609245,3255,3259
3165_12,2017-07-28 18:45:14.929288,2017-07-28 18:47:53.289504,438,236
195_10,2017-07-28 19:05:19.573999,2017-07-28 19:07:42.948043,438,236
402_12,2017-07-28 19:08:11.117083,2017-07-28 19:11:27.091015,3090,3101
528_2,2017-07-28 19:25:05.071126,2017-07-28 19:26:56.302236,471,539
410_15,2017-07-28 19:28:25.549350,2017-07-28 19:31:04.266069,539,2002
465_3,2017-07-28 19:45:06.844083,2017-07-28 19:47:37.918007,150,301
3073_4,2017-07-28 20:18:15.428764,2017-07-28 20:21:13.332411,312,401
164_4,2017-07-28 20:27:33.179238,2017-07-28 20:30:17.143933,237,483
3182_1,2017-07-28 20:33:21.409447,2017-07-28 20:35:24.693586,236,3263
531_6,2017-07-28 20:46:33.595314,2017-07-28 20:49:57.828450,445,504
3260_14,2017-07-28 20:58:41.907389,2017-07-28 21:00:31.996406,317,301
3063_1,2017-07-28 21:02:12.772958,2017-07-28 21:05:44.281657,326,2003
3304_2,2017-07-28 21:03:41.545972,2017-07-28 21:06:15.291082,326,2003
494_3,2017-07-28 21:05:26.738989,2017-07-28 21:08:16.062540,2003,545
315_7,2017-07-28 21:06:17.816668,2017-07-28 21:08:17.904101,2003,545
3632_13,2017-07-28 21:06:46.798109,2017-07-28 21:09:11.332737,2003,545
3368_11,2017-07-28 21:13:43.727666,2017-07-28 21:18:10.765478,511,317
500_4,2017-07-28 21:50:18.918045,2017-07-28 21:56:26.473452,394,410
3141_27,2017-07-28 22:02:28.587969,2017-07-28 22:06:31.893151,439,3263
3226_5,2017-07-28 22:04:52.667524,2017-07-28 22:07:41.633308,439,3263
3458_7,2017-07-28 22:07:52.132739,2017-07-28 22:13:13.292711,438,504
2006_15,2017-07-28 22:12:51.044785,2017-07-28 22:15:19.671869,2003,545
3347_9,2017-07-28 22:11:54.369946,2017-07-28 22:15:23.799838,504,545
3404_6,2017-07-28 22:16:08.036975,2017-07-28 22:18:42.414972,326,236
216_11,2017-07-28 22:42:19.540910,2017-07-28 22:45:27.985006,326,483
323_8,2017-07-28 22:42:20.542008,2017-07-28 22:45:35.924489,326,483
3046_4,2017-07-28 23:48:10.575666,2017-07-28 23:52:13.915306,3263,483
363_21,2017-07-28 23:55:06.439140,2017-07-28 23:59:54.830303,438,237
3161_7,2017-07-29 00:11:39.550919,2017-07-29 00:16:25.324501,394,445
496_22,2017-07-29 17:36:49.217066,2017-07-29 17:39:58.104077,494,442
3152_17,2017-07-29 18:00:47.111132,2017-07-29 18:03:09.539900,494,442
402_5,2017-07-29 18:37:04.726603,2017-07-29 18:40:21.112813,3255,3259
406_4,2017-07-29 19:45:14.196681,2017-07-29 19:47:31.022546,326,237
3407_0,2017-07-29 20:09:14.434202,2017-07-29 20:12:34.409314,445,317
445_9,2017-07-29 20:13:39.376625,2017-07-29 20:15:52.484387,504,545
531_11,2017-07-29 20:27:26.327678,2017-07-29 20:28:44.591428,539,3093
3172_7,2017-07-29 20:40:37.602663,2017-07-29 20:41:46.246782,317,393
483_13,2017-07-29 20:40:14.219972,2017-07-29 20:41:50.410547,317,393
3388_11,2017-07-29 20:39:37.000133,2017-07-29 20:41:51.872372,317,393
3065_8,2017-07-29 20:48:16.634860,2017-07-29 20:52:16.276024,432,326
260_1,2017-07-29 21:52:34.704736,2017-07-29 21:56:34.481242,326,237
3356_6,2017-07-29 22:45:58.846963,2017-07-29 22:48:07.946437,433,326
323_12,2017-07-30 12:24:37.998199,2017-07-30 12:26:44.777922,3344,3342
3500_14,2017-07-30 13:21:52.681248,2017-07-30 13:25:50.263715,3352,3340
516_3,2017-07-30 13:55:30.634930,2017-07-30 13:57:08.535198,3101,3107
120_6,2017-07-30 14:20:57.985823,2017-07-30 14:22:59.225394,3340,3337
173_18,2017-07-30 14:39:32.440742,2017-07-30 14:42:03.546116,3074,3068
399_2,2017-07-30 14:43:01.895005,2017-07-30 14:45:52.681097,3298,3408
361_15,2017-07-30 15:04:26.323952,2017-07-30 15:06:49.084544,3404,3405
355_14,2017-07-30 15:03:38.253633,2017-07-30 15:07:30.906864,3404,3405
152_6,2017-07-30 15:34:18.853255,2017-07-30 15:35:37.880735,3347,3344
347_1,2017-07-30 15:35:42.543293,2017-07-30 15:43:57.910512,3344,3353
430_3,2017-07-30 15:43:46.228394,2017-07-30 15:48:36.933305,321,414
127_14,2017-07-30 15:47:17.505683,2017-07-30 15:51:12.535546,3381,3373
3533_14,2017-07-30 15:52:07.768502,2017-07-30 15:55:54.336593,3421,3298
459_8,2017-07-30 15:59:56.908834,2017-07-30 16:04:02.481351,3377,3407
532_17,2017-07-30 16:32:23.385038,2017-07-30 16:37:08.257063,3340,3353
3459_4,2017-07-30 16:47:36.705024,2017-07-30 16:50:52.054394,3321,3422
2002_9,2017-07-30 18:04:16.379275,2017-07-30 18:08:45.666932,3308,3388
3494_10,2017-07-30 18:19:06.103933,2017-07-30 18:23:19.332317,3087,471
3463_11,2017-07-30 18:30:20.695035,2017-07-30 18:35:25.604521,3409,3408
3378_5,2017-07-30 18:56:51.942068,2017-07-30 18:59:50.119889,467,3414
372_10,2017-07-31 13:23:01.107079,2017-07-31 13:26:57.619356,414,430
2002_3,2017-07-31 13:29:44.643473,2017-07-31 13:34:02.633852,414,430
504_21,2017-07-31 13:34:05.153331,2017-07-31 13:38:36.693938,3344,3353
483_1,2017-07-31 13:39:41.872852,2017-07-31 13:41:30.237072,321,232
2001_5,2017-07-31 13:53:45.005663,2017-07-31 13:58:11.334538,430,321
3110_6,2017-07-31 14:27:50.578905,2017-07-31 14:34:27.421475,414,2001
3495_7,2017-07-31 14:28:27.640295,2017-07-31 14:34:52.869958,414,232
3306_5,2017-07-31 15:03:54.672661,2017-07-31 15:06:45.812842,3087,3096
303_12,2017-07-31 15:34:50.462320,2017-07-31 15:36:50.043297,3332,3377
2009_0,2017-07-31 15:38:28.157998,2017-07-31 15:42:41.180222,414,430
3148_4,2017-07-31 18:17:01.874726,2017-07-31 18:18:18.095765,3308,3408
3429_4,2017-07-31 19:40:34.046430,2017-07-31 19:44:55.425410,3409,3412
428_7,2017-07-31 20:14:02.904717,2017-07-31 20:17:04.176331,3408,3298
3435_10,2017-08-01 09:48:47.489640,2017-08-01 09:52:58.116128,417,330
3379_0,2017-08-01 09:47:39.319461,2017-08-01 09:52:58.865780,417,146
3042_6,2017-08-01 09:54:13.218192,2017-08-01 09:57:07.753402,330,320
3375_7,2017-08-01 10:09:08.925724,2017-08-01 10:12:01.615268,377,3474
336_2,2017-08-01 10:30:23.401940,2017-08-01 10:33:32.372667,426,249
281_13,2017-08-01 10:33:56.845211,2017-08-01 10:37:17.603172,249,248
3440_9,2017-08-01 11:21:08.829795,2017-08-01 11:24:54.498116,152,320
3309_12,2017-08-01 11:41:38.775370,2017-08-01 11:46:28.500252,249,426
3203_3,2017-08-01 11:42:01.940166,2017-08-01 11:47:19.064481,249,328
281_21,2017-08-01 13:37:48.966637,2017-08-01 13:42:09.259145,264,415
3136_10,2017-08-01 14:11:18.683142,2017-08-01 14:13:48.404606,360,316
359_3,2017-08-01 14:36:11.751269,2017-08-01 14:39:01.415170,337,415
3328_1,2017-08-01 14:40:19.129199,2017-08-01 14:44:13.214339,415,360
3096_19,2017-08-01 15:33:07.135848,2017-08-01 15:37:09.666927,320,146
319_12,2017-08-01 15:40:10.319311,2017-08-01 15:42:11.537954,146,248
3127_0,2017-08-01 16:14:43.037569,2017-08-01 16:18:37.461160,146,330
319_2,2017-08-01 16:38:00.786164,2017-08-01 16:41:32.409876,3255,3259
3177_31,2017-08-01 19:55:27.369250,2017-08-01 19:57:26.341936,236,3263
3386_10,2017-08-01 20:41:12.367407,2017-08-01 20:42:45.496141,3381,3384
174_13,2017-08-02 08:33:28.658155,2017-08-02 08:35:21.037566,3463,497
3096_16,2017-08-02 08:56:33.292667,2017-08-02 08:58:22.785314,3463,297
322_14,2017-08-02 08:56:32.742928,2017-08-02 08:58:31.783407,3463,297
3042_2,2017-08-02 09:09:53.180766,2017-08-02 09:11:47.260684,337,315
3379_14,2017-08-02 09:13:42.617757,2017-08-02 09:17:09.147604,359,522
427_22,2017-08-02 09:26:44.904305,2017-08-02 09:29:15.168888,3463,297
453_19,2017-08-02 09:27:15.838038,2017-08-02 09:29:17.044112,3463,297
262_9,2017-08-02 09:28:08.780428,2017-08-02 09:30:03.573589,3463,297
377_17,2017-08-02 10:05:43.570285,2017-08-02 10:08:04.050366,195,319
3361_11,2017-08-02 12:04:38.933431,2017-08-02 12:08:08.208068,309,426
239_8,2017-08-02 17:57:18.085906,2017-08-02 17:59:46.777463,3259,494
408_0,2017-08-02 19:17:08.483496,2017-08-02 19:18:18.497559,326,237
3226_1,2017-08-02 19:16:04.538015,2017-08-02 19:20:01.720614,326,237
3064_11,2017-08-02 20:00:39.746618,2017-08-02 20:03:40.601670,326,236
3143_10,2017-08-02 20:09:57.743796,2017-08-02 20:12:31.547453,3632,317
517_14,2017-08-02 20:09:00.757253,2017-08-02 20:13:32.565704,3632,317
3232_5,2017-08-02 20:27:36.649035,2017-08-02 20:30:18.402961,317,410
3050_9,2017-08-02 20:48:58.802763,2017-08-02 20:51:42.100907,432,317
3423_9,2017-08-02 20:50:19.183728,2017-08-02 20:51:53.564313,301,317
3418_8,2017-08-02 22:07:43.894544,2017-08-02 22:12:14.950119,237,438
3126_15,2017-08-03 09:05:42.055590,2017-08-03 09:08:57.046750,3087,3091
3437_9,2017-08-03 10:03:04.067102,2017-08-03 10:07:58.208963,3443,3458
3561_12,2017-08-03 10:24:15.608022,2017-08-03 10:29:13.483648,520,2023
346_3,2017-08-03 10:28:56.306419,2017-08-03 10:31:06.580427,2023,456
3167_7,2017-08-03 13:28:08.190663,2017-08-03 13:32:44.704270,79,248
3341_12,2017-08-03 15:22:52.107772,2017-08-03 15:24:50.784464,264,3489
321_13,2017-08-03 18:40:40.258513,2017-08-03 18:43:39.428399,438,326
359_2,2017-08-03 19:43:30.731302,2017-08-03 19:44:35.457213,433,326
3312_8,2017-08-03 20:03:15.899267,2017-08-03 20:04:33.466825,504,2003
2012_4,2017-08-03 20:09:34.533287,2017-08-03 20:14:58.977809,394,433
3116_16,2017-08-03 20:14:51.470192,2017-08-03 20:18:55.351970,433,445
3316_6,2017-08-03 20:21:03.787227,2017-08-03 20:22:49.695931,438,326
520_9,2017-08-03 20:24:15.381991,2017-08-03 20:27:18.967523,150,394
3059_1,2017-08-03 20:28:09.422849,2017-08-03 20:31:09.253697,317,410
487_17,2017-08-03 20:29:09.073069,2017-08-03 20:31:17.295130,394,393
435_2,2017-08-03 20:31:24.933454,2017-08-03 20:32:42.785812,393,150
3602_6,2017-08-03 20:32:02.930744,2017-08-03 20:33:49.252929,393,394
3438_3,2017-08-03 20:31:03.912906,2017-08-03 20:34:34.090712,410,400
3499_7,2017-08-03 20:40:38.669110,2017-08-03 20:45:10.435698,237,236
3186_3,2017-08-03 21:01:42.547045,2017-08-03 21:05:04.591922,445,394
168_16,2017-08-03 21:02:06.112429,2017-08-03 21:06:42.527909,445,394
3115_0,2017-08-03 21:23:51.234305,2017-08-03 21:27:05.540990,326,236
216_5,2017-08-03 21:45:25.251848,2017-08-03 21:48:16.467466,237,236
2008_1,2017-08-03 22:03:16.743865,2017-08-03 22:05:12.714519,438,326
247_4,2017-08-03 22:35:55.502943,2017-08-03 22:37:26.849191,433,326
3309_9,2017-08-03 22:36:16.497080,2017-08-03 22:37:55.295825,433,326
3160_1,2017-08-03 23:14:17.460162,2017-08-03 23:18:28.570872,302,432
3464_12,2017-08-04 09:31:25.138878,2017-08-04 09:35:18.555031,359,440
363_6,2017-08-04 10:54:50.797594,2017-08-04 10:59:03.861191,484,524
519_27,2017-08-04 15:09:45.634104,2017-08-04 15:11:16.691672,309,146
3125_4,2017-08-04 19:37:34.638801,2017-08-04 19:39:50.967951,326,237
e_393_1,2017-08-04 20:03:28.865686,2017-08-04 20:04:25.616101,393,150
3111_7,2017-08-04 21:35:42.785492,2017-08-04 21:38:30.419422,317,3632
3155_18,2017-08-04 21:48:38.292787,2017-08-04 21:52:21.780442,432,433
457_19,2017-08-04 22:23:47.428581,2017-08-04 22:26:53.921870,326,237
3164_19,2017-08-04 23:02:24.258932,2017-08-04 23:04:15.354514,2003,504
3290_6,2017-08-04 23:35:56.818432,2017-08-04 23:37:48.002924,438,326
3016_6,2017-08-04 23:38:08.454934,2017-08-04 23:40:00.802341,326,237
396_4,2017-08-05 11:35:45.055947,2017-08-05 11:38:16.774404,260,376
151_6,2017-08-05 13:05:58.071440,2017-08-05 13:07:56.557228,435,334
468_5,2017-08-05 17:47:42.756631,2017-08-05 17:50:15.127328,3259,494
523_0,2017-08-05 17:47:39.236353,2017-08-05 17:50:32.771261,3259,494
487_10,2017-08-05 20:07:38.206213,2017-08-05 20:09:42.956843,150,301
476_12,2017-08-05 20:08:37.078229,2017-08-05 20:09:59.963011,150,301
281_18,2017-08-05 21:08:11.336696,2017-08-05 21:10:20.247731,326,236
258_4,2017-08-05 21:07:49.605878,2017-08-05 21:10:47.547726,326,236
239_5,2017-08-05 21:45:11.544651,2017-08-05 21:46:34.569853,301,410
3464_13,2017-08-05 21:44:52.910940,2017-08-05 21:48:46.176421,150,410
3545_5,2017-08-06 11:47:20.365134,2017-08-06 11:49:58.426556,471,3087
495_6,2017-08-06 11:55:15.392595,2017-08-06 11:59:17.449323,3090,539
410_5,2017-08-06 12:47:00.411046,2017-08-06 12:49:23.562779,3096,3091
3407_9,2017-08-06 12:47:38.260825,2017-08-06 12:50:14.753098,3096,3091
3419_10,2017-08-06 13:00:46.582565,2017-08-06 13:03:26.354004,3093,3016
325_16,2017-08-06 13:30:41.386056,2017-08-06 13:33:28.900054,3103,3016
275_0,2017-08-06 13:30:09.588815,2017-08-06 13:36:12.556064,3103,3452
530_2,2017-08-06 13:56:34.539561,2017-08-06 13:58:45.447030,3090,3101
473_2,2017-08-06 14:16:45.775597,2017-08-06 14:19:04.755428,3101,3107
257_17,2017-08-06 14:25:00.844157,2017-08-06 14:29:04.981802,3105,3103
420_11,2017-08-06 14:24:31.468955,2017-08-06 14:31:34.327217,3344,3389
3049_1,2017-08-06 15:26:38.808780,2017-08-06 15:30:14.431923,3342,3353
285_10,2017-08-06 17:34:01.605365,2017-08-06 17:38:16.572833,430,321
473_10,2017-08-06 18:17:02.755082,2017-08-06 18:20:33.455808,3348,3392
3294_10,2017-08-06 18:43:22.234993,2017-08-06 18:47:14.982434,3087,3077
513_11,2017-08-06 19:04:33.701813,2017-08-06 19:09:45.375178,3087,471
482_3,2017-08-07 12:38:31.685860,2017-08-07 12:42:25.387416,3352,3353
2000_14,2017-08-07 12:53:42.553056,2017-08-07 12:58:31.930779,321,414
257_15,2017-08-07 12:54:54.981880,2017-08-07 12:58:41.829366,321,414
3313_1,2017-08-07 12:53:46.880277,2017-08-07 12:59:45.287628,321,414
3383_4,2017-08-07 13:27:29.972647,2017-08-07 13:32:59.712778,418,2000
3124_11,2017-08-07 13:49:20.966528,2017-08-07 13:51:24.307852,2000,321
478_13,2017-08-07 14:31:30.179020,2017-08-07 14:35:31.788638,3311,398
278_6,2017-08-07 15:12:31.921103,2017-08-07 15:15:38.532399,3389,3315
239_15,2017-08-07 16:04:41.830710,2017-08-07 16:07:08.685286,3407,3377
3258_2,2017-08-07 17:51:54.574188,2017-08-07 17:54:13.018672,3315,3321
3068_9,2017-08-08 08:16:59.250621,2017-08-08 08:19:17.951385,3087,3091
454_8,2017-08-08 09:10:09.742408,2017-08-08 09:11:47.175411,260,360
3312_0,2017-08-08 09:09:16.712493,2017-08-08 09:13:04.582700,260,360
258_10,2017-08-08 09:12:29.125962,2017-08-08 09:15:11.863020,496,253
307_7,2017-08-08 09:15:03.616444,2017-08-08 09:17:22.044939,417,146
3434_9,2017-08-08 09:14:57.379983,2017-08-08 09:17:34.224480,417,146
3349_4,2017-08-08 09:22:45.238442,2017-08-08 09:26:45.402701,415,351
3409_2,2017-08-08 09:22:38.053637,2017-08-08 09:26:55.187595,415,351
436_7,2017-08-08 10:36:22.364410,2017-08-08 10:41:18.460777,444,503
3064_4,2017-08-08 13:07:32.690520,2017-08-08 13:09:10.372148,319,195
362_16,2017-08-08 13:09:41.881401,2017-08-08 13:11:00.029958,195,376
3364_4,2017-08-08 14:38:49.278286,2017-08-08 14:42:10.661993,232,314
3241_3,2017-08-08 14:49:08.004560,2017-08-08 14:54:26.976911,2000,2001
267_23,2017-08-08 20:13:48.513341,2017-08-08 20:16:46.837512,237,236
3294_4,2017-08-08 20:14:33.974748,2017-08-08 20:18:15.827079,326,236
3132_8,2017-08-08 20:45:59.818861,2017-08-08 20:48:43.875313,301,150
466_15,2017-08-08 20:47:28.011773,2017-08-08 20:49:09.762810,301,150
442_8,2017-08-08 22:06:43.799904,2017-08-08 22:09:07.305895,237,236
3050_7,2017-08-09 00:15:46.459148,2017-08-09 00:20:42.684215,394,349
507_18,2017-08-09 00:12:58.894411,2017-08-09 00:21:10.529206,394,349
3501_3,2017-08-09 09:11:38.710104,2017-08-09 09:13:28.006287,491,537
315_10,2017-08-09 16:37:32.822013,2017-08-09 16:38:54.975811,249,146
2003_15,2017-08-09 17:40:54.387072,2017-08-09 17:42:54.939535,3255,494
485_9,2017-08-09 17:41:53.011904,2017-08-09 17:43:55.276566,3255,494
2022_7,2017-08-09 17:41:26.915304,2017-08-09 17:44:20.975827,3255,494
266_9,2017-08-09 21:40:47.791729,2017-08-09 21:44:00.134307,317,432
3065_7,2017-08-09 21:46:07.429070,2017-08-09 21:48:12.024081,432,433
3194_9,2017-08-10 08:35:07.139978,2017-08-10 08:36:32.883631,491,537
3538_14,2017-08-10 09:30:49.621769,2017-08-10 09:32:41.827593,79,320
262_3,2017-08-10 12:16:52.110481,2017-08-10 12:18:52.793221,387,306
3166_1,2017-08-10 16:19:28.887666,2017-08-10 16:22:12.156431,3255,3259
284_14,2017-08-10 18:26:08.451258,2017-08-10 18:28:25.922396,494,3255
364_3,2017-08-10 20:06:14.049069,2017-08-10 20:12:54.693025,3353,3389
441_17,2017-08-10 20:11:56.184517,2017-08-10 20:14:55.292535,432,236
360_8,2017-08-10 20:12:20.426358,2017-08-10 20:15:27.136926,237,438
446_6,2017-08-10 21:18:15.361409,2017-08-10 21:21:28.416546,432,317
3155_19,2017-08-10 21:29:06.749367,2017-08-10 21:31:32.407536,433,326
355_0,2017-08-10 21:47:55.850806,2017-08-10 21:50:57.368429,432,317
407_0,2017-08-10 21:50:20.397197,2017-08-10 21:52:26.708408,317,301
278_5,2017-08-10 22:04:44.992265,2017-08-10 22:07:46.235600,317,326
356_4,2017-08-10 22:04:46.820726,2017-08-10 22:08:15.925848,317,326
3155_17,2017-08-10 22:04:57.767309,2017-08-10 22:08:51.014517,432,236
3170_0,2017-08-10 22:54:12.410515,2017-08-10 22:59:04.771730,433,483
450_8,2017-08-11 09:14:55.456818,2017-08-11 09:17:51.076672,440,3459
3258_6,2017-08-11 13:38:04.552043,2017-08-11 13:40:21.286410,337,351
3069_11,2017-08-11 13:38:38.298316,2017-08-11 13:40:43.591382,337,351
2002_10,2017-08-11 13:58:25.199614,2017-08-11 14:04:09.867408,2000,232
e_217_1,2017-08-11 16:59:49.114108,2017-08-11 17:02:39.223602,3255,494
3130_0,2017-08-11 17:22:50.169392,2017-08-11 17:25:16.894674,442,446
3143_4,2017-08-11 17:27:29.592341,2017-08-11 17:30:40.322409,3259,494
3108_5,2017-08-11 17:29:55.120907,2017-08-11 17:32:29.007693,494,442
360_14,2017-08-11 17:31:25.381890,2017-08-11 17:32:49.490895,442,446
3160_12,2017-08-11 17:52:44.236923,2017-08-11 17:55:56.692530,494,442
3283_5,2017-08-11 17:55:40.600043,2017-08-11 17:57:34.591072,442,446
3110_2,2017-08-11 20:19:20.841126,2017-08-11 20:22:33.333876,3074,3070
2000_10,2017-08-11 20:48:40.377349,2017-08-11 20:53:48.248999,3071,3069
518_2,2017-08-11 21:04:13.889861,2017-08-11 21:06:25.801096,326,237
468_18,2017-08-11 21:07:11.960646,2017-08-11 21:10:07.877101,237,236
466_14,2017-08-11 21:08:09.270122,2017-08-11 21:10:40.468234,237,236
499_7,2017-08-11 22:18:54.938140,2017-08-11 22:20:47.360571,236,326
3503_8,2017-08-12 19:10:08.806093,2017-08-12 19:13:02.805527,432,433
3236_5,2017-08-12 19:10:07.545694,2017-08-12 19:13:33.547184,432,433
3462_14,2017-08-12 19:12:32.438888,2017-08-12 19:14:34.201465,432,433
518_7,2017-08-12 20:29:02.607919,2017-08-12 20:32:13.740951,433,511
3447_8,2017-08-12 23:05:49.117702,2017-08-12 23:08:50.836169,236,432
480_3,2017-08-12 23:43:24.723479,2017-08-12 23:45:55.183850,410,401
3359_9,2017-08-13 00:19:56.587788,2017-08-13 00:23:18.417674,433,445
426_9,2017-08-13 11:13:44.354292,2017-08-13 11:15:23.058260,539,3093
504_6,2017-08-13 13:11:13.814723,2017-08-13 13:13:29.514624,3101,3107
3294_1,2017-08-13 14:35:43.386088,2017-08-13 14:38:29.382657,3347,3353
353_12,2017-08-13 15:00:45.370629,2017-08-13 15:02:54.200942,321,232
3046_1,2017-08-13 15:55:09.055522,2017-08-13 15:57:21.119498,430,418
247_5,2017-08-13 16:03:58.450040,2017-08-13 16:05:07.996927,401,473
223_4,2017-08-13 16:12:51.571472,2017-08-13 16:17:02.790272,2000,414
3135_6,2017-08-13 18:53:37.020039,2017-08-13 18:56:05.644320,430,2000
3368_3,2017-08-13 19:07:17.387830,2017-08-13 19:09:31.452846,3090,3088
268_7,2017-08-14 12:43:54.607692,2017-08-14 12:48:44.965283,430,392
3320_13,2017-08-14 14:26:33.752806,2017-08-14 14:30:57.740701,2000,217
3333_8,2017-08-14 14:29:59.111337,2017-08-14 14:34:15.310219,217,430
306_2,2017-08-14 15:07:34.108430,2017-08-14 15:10:06.746746,2000,430
332_9,2017-08-14 15:13:39.191865,2017-08-14 15:16:54.460350,321,2000
379_9,2017-08-14 15:50:03.261278,2017-08-14 15:52:48.805972,407,321
415_14,2017-08-14 16:03:35.228435,2017-08-14 16:07:00.488776,430,2001
355_1,2017-08-14 16:15:27.468566,2017-08-14 16:18:12.142811,3389,3311
245_11,2017-08-14 17:08:10.887889,2017-08-14 17:12:00.493341,321,232
433_19,2017-08-14 17:16:09.627739,2017-08-14 17:18:01.370584,3094,3086
3422_4,2017-08-14 17:18:56.271727,2017-08-14 17:23:04.216589,217,407
330_3,2017-08-14 17:28:17.453163,2017-08-14 17:30:41.463098,232,391
3464_14,2017-08-15 08:40:34.612783,2017-08-15 08:42:23.651653,407,321
3158_10,2017-08-15 08:41:00.161425,2017-08-15 08:42:45.897296,407,321
3447_3,2017-08-15 12:27:59.683429,2017-08-15 12:29:46.783562,316,319
372_11,2017-08-15 19:04:27.642023,2017-08-15 19:09:36.875661,3337,3340
461_4,2017-08-15 19:59:51.512306,2017-08-15 20:04:34.339509,398,3311
3148_2,2017-08-16 09:44:06.957793,2017-08-16 09:46:37.048574,3070,3067
3178_6,2017-08-16 20:08:44.318940,2017-08-16 20:11:08.252374,511,433
3304_11,2017-08-16 21:39:15.344028,2017-08-16 21:43:23.547932,3632,393
3146_4,2017-08-16 23:15:33.205219,2017-08-16 23:19:02.675747,432,393
3171_14,2017-08-16 23:16:48.923769,2017-08-16 23:21:03.148746,432,393
3431_0,2017-08-16 23:23:51.288484,2017-08-16 23:27:56.646522,394,326
3211_8,2017-08-17 11:30:42.421295,2017-08-17 11:34:23.337871,496,253
362_10,2017-08-17 16:49:16.729898,2017-08-17 16:52:31.642167,3255,523
478_12,2017-08-17 16:59:14.348922,2017-08-17 17:01:38.759279,79,320
223_1,2017-08-17 17:46:04.083421,2017-08-17 17:50:28.834034,3255,3259
3589_9,2017-08-17 20:07:50.495235,2017-08-17 20:14:33.390570,3344,3330
3082_11,2017-08-17 20:39:48.609790,2017-08-17 20:40:55.020355,433,326
441_0,2017-08-17 20:41:56.973597,2017-08-17 20:44:42.903790,326,236
316_10,2017-08-17 21:08:42.824100,2017-08-17 21:12:10.227296,3317,3322
3231_1,2017-08-17 23:50:22.557744,2017-08-17 23:53:03.402512,326,504
322_0,2017-08-18 16:54:56.424449,2017-08-18 16:57:32.565242,362,498
380_12,2017-08-18 17:16:42.125156,2017-08-18 17:20:40.362503,3255,3259
3305_11,2017-08-18 17:17:52.528880,2017-08-18 17:20:43.322450,3255,3259
3093_3,2017-08-18 17:36:28.660571,2017-08-18 17:38:30.787118,3259,494
3319_5,2017-08-18 17:38:52.231192,2017-08-18 17:41:16.702972,494,3255
3235_11,2017-08-18 17:53:06.451050,2017-08-18 17:56:23.101081,3255,494
3336_0,2017-08-18 22:37:54.169299,2017-08-18 22:39:20.721491,432,433
3588_9,2017-08-18 23:15:02.264666,2017-08-18 23:18:16.944217,438,237
315_9,2017-08-19 17:27:31.103959,2017-08-19 17:30:30.625788,83,3429
526_16,2017-08-20 13:40:09.257946,2017-08-20 13:45:16.265814,3347,3389
3533_1,2017-08-20 14:10:43.260736,2017-08-20 14:14:31.861678,3333,3337
217_2,2017-08-20 16:46:14.280176,2017-08-20 16:48:31.422593,3452,3102
3354_0,2017-08-20 17:15:40.730641,2017-08-20 17:19:18.544793,3315,3321
515_6,2017-08-20 17:29:53.254736,2017-08-20 17:33:50.481520,3340,3348
411_5,2017-08-20 18:26:16.110156,2017-08-20 18:30:25.584775,3392,3394
3357_14,2017-08-20 18:38:41.458678,2017-08-20 18:43:39.549221,3353,3326
474_13,2017-08-20 18:34:59.366547,2017-08-20 18:46:20.633103,3353,3326
3457_20,2017-08-20 19:08:31.680643,2017-08-20 19:12:02.907564,3303,3407
278_7,2017-08-20 19:08:42.228287,2017-08-20 19:12:16.524509,3321,3409
237_1,2017-08-20 19:26:10.790343,2017-08-20 19:30:30.324409,3324,3398
462_15,2017-08-20 21:12:13.175747,2017-08-20 21:15:33.318050,3409,3308
3547_14,2017-08-21 13:54:39.430304,2017-08-21 13:56:28.632345,143,3242
3254_1,2017-08-21 13:57:48.524963,2017-08-21 14:00:37.386608,418,2000
3346_1,2017-08-21 14:28:15.346414,2017-08-21 14:32:14.368290,398,3422
3276_2,2017-08-21 15:38:52.528436,2017-08-21 15:42:45.599073,3311,398
469_13,2017-08-21 16:19:28.853650,2017-08-21 16:22:53.598397,3399,3404
335_12,2017-08-21 18:20:14.839121,2017-08-21 18:25:06.809798,430,2000
248_0,2017-08-21 18:50:34.920136,2017-08-21 18:52:13.507251,3298,3308
3145_10,2017-08-21 19:11:17.906929,2017-08-21 19:13:24.452864,3321,3408
3332_4,2017-08-21 20:00:31.718013,2017-08-21 20:02:48.932309,3087,3096
418_4,2017-08-22 08:56:04.915872,2017-08-22 09:00:44.086592,143,314
3459_14,2017-08-22 09:17:20.984330,2017-08-22 09:20:10.459855,157,3402
279_11,2017-08-22 14:33:05.550821,2017-08-22 14:36:21.107185,321,232
195_12,2017-08-22 21:48:30.087184,2017-08-22 21:50:37.130744,237,236
305_3,2017-08-22 22:07:20.443024,2017-08-22 22:08:50.253123,393,150
3115_14,2017-08-23 15:07:34.962103,2017-08-23 15:08:58.670292,316,306
517_7,2017-08-23 17:57:27.132749,2017-08-23 18:00:57.689043,3255,523
3276_11,2017-08-23 17:59:12.208410,2017-08-23 18:01:38.601083,446,334
3560_4,2017-08-23 18:10:53.710820,2017-08-23 18:13:39.407404,3255,494
3570_15,2017-08-23 18:12:07.784474,2017-08-23 18:14:08.719232,3255,494
3300_2,2017-08-23 19:04:24.247233,2017-08-23 19:07:12.546338,3090,3101
236_1,2017-08-23 20:26:59.870721,2017-08-23 20:28:18.356463,504,2003
3053_5,2017-08-23 20:36:09.268604,2017-08-23 20:37:54.318424,326,236
419_3,2017-08-23 20:36:01.579179,2017-08-23 20:40:56.604259,326,504
3131_2,2017-08-23 20:39:39.540716,2017-08-23 20:41:00.410697,504,2003
384_2,2017-08-23 20:45:44.036549,2017-08-23 20:46:57.533189,433,326
3163_14,2017-08-23 22:10:36.592008,2017-08-23 22:15:02.434404,433,432
319_9,2017-08-23 22:14:00.606055,2017-08-23 22:16:39.602124,432,433
3540_11,2017-08-23 22:18:13.728688,2017-08-23 22:22:11.823338,433,237
3180_5,2017-08-23 22:26:37.668522,2017-08-23 22:28:07.337224,438,326
3205_0,2017-08-24 10:21:40.443218,2017-08-24 10:28:46.702069,359,440
405_2,2017-08-24 17:56:48.069714,2017-08-24 17:59:36.997430,467,3414
456_12,2017-08-24 19:08:08.347336,2017-08-24 19:10:07.418754,3090,3088
3178_18,2017-08-24 19:39:55.926912,2017-08-24 19:41:57.186550,326,237
3093_10,2017-08-24 19:58:27.330919,2017-08-24 20:02:52.335997,317,394
453_2,2017-08-24 20:04:54.720109,2017-08-24 20:07:01.354087,445,394
470_17,2017-08-24 20:21:31.034027,2017-08-24 20:24:08.610641,326,237
3231_4,2017-08-24 20:42:04.247110,2017-08-24 20:45:02.663654,445,317
3090_9,2017-08-24 20:45:18.573815,2017-08-24 20:48:26.992293,317,432
3128_8,2017-08-24 21:59:29.102855,2017-08-24 22:01:20.068118,237,236
3203_1,2017-08-24 22:00:00.492078,2017-08-24 22:02:58.658766,237,236
3338_0,2017-08-24 22:52:05.672671,2017-08-24 22:55:28.192122,432,236
479_2,2017-08-24 22:54:23.808185,2017-08-24 22:57:37.379940,432,438
403_8,2017-08-25 09:10:29.855445,2017-08-25 09:12:19.542190,337,315
217_17,2017-08-25 09:10:28.735742,2017-08-25 09:12:35.623922,337,315
3059_0,2017-08-25 11:41:01.954994,2017-08-25 11:44:31.654843,524,520
415_18,2017-08-25 11:41:08.624802,2017-08-25 11:44:38.376025,524,520
173_5,2017-08-25 16:43:01.759625,2017-08-25 16:45:25.508442,3255,494
523_20,2017-08-25 17:12:17.248618,2017-08-25 17:16:20.697175,3090,3088
470_3,2017-08-25 17:15:38.182896,2017-08-25 17:17:18.048742,3088,3091
446_8,2017-08-25 18:58:09.848325,2017-08-25 19:01:32.383272,3096,3090
3187_10,2017-08-25 19:57:53.250337,2017-08-25 19:59:49.085217,326,237
249_13,2017-08-25 20:58:20.577771,2017-08-25 21:00:22.390593,326,237
497_15,2017-08-25 20:58:52.545747,2017-08-25 21:01:36.849240,326,237
473_5,2017-08-25 20:59:50.772839,2017-08-25 21:01:48.014784,326,236
376_12,2017-08-25 23:26:49.216734,2017-08-25 23:30:23.824452,150,394
3354_14,2017-08-27 11:44:16.490502,2017-08-27 11:46:03.186131,3096,3452
3417_12,2017-08-27 12:45:57.963526,2017-08-27 12:49:03.231094,3393,3353
359_17,2017-08-27 12:50:16.184720,2017-08-27 12:57:57.529695,3353,3352
311_3,2017-08-27 12:58:18.660704,2017-08-27 13:01:05.977296,3326,3398
403_13,2017-08-27 13:00:21.082147,2017-08-27 13:03:07.258392,3326,3398
426_11,2017-08-27 13:23:34.245309,2017-08-27 13:28:25.694518,3330,3396
3395_4,2017-08-27 13:25:51.421276,2017-08-27 13:30:37.915106,3330,3344
457_7,2017-08-27 13:44:19.021707,2017-08-27 13:46:19.526853,3093,3090
157_9,2017-08-27 16:29:19.510354,2017-08-27 16:31:44.153382,3087,3091
330_0,2017-08-27 20:05:28.970126,2017-08-27 20:07:58.840035,3399,3404
173_10,2017-08-28 13:24:21.531525,2017-08-28 13:27:44.788522,3107,3096
388_17,2017-08-28 14:07:50.352281,2017-08-28 14:10:10.165669,430,418
3588_8,2017-08-28 14:43:03.680744,2017-08-28 14:52:16.106002,3330,3398
363_15,2017-08-28 14:49:43.475819,2017-08-28 14:56:15.595672,3330,3398
228_13,2017-08-28 15:26:15.907175,2017-08-28 15:28:29.125697,430,418
3064_2,2017-08-28 15:27:04.663668,2017-08-28 15:29:05.550450,363,2008
394_4,2017-08-28 19:59:38.206692,2017-08-28 20:05:51.920712,3333,3398
3165_22,2017-08-29 09:35:08.185344,2017-08-29 09:36:41.199932,376,316
3495_11,2017-08-29 10:19:49.648461,2017-08-29 10:21:08.655266,276,146
3388_7,2017-08-29 10:25:33.831770,2017-08-29 10:27:30.707138,264,415
3081_0,2017-08-29 11:15:46.465549,2017-08-29 11:18:17.380164,232,314
455_17,2017-08-29 11:28:00.614282,2017-08-29 11:30:59.096317,79,320
3462_16,2017-08-29 12:26:44.897738,2017-08-29 12:29:18.810656,3436,377
3249_5,2017-08-29 13:05:13.083953,2017-08-29 13:11:43.450633,327,417
3163_15,2017-08-29 13:05:02.900702,2017-08-29 13:11:57.606959,327,417
3560_5,2017-08-29 13:11:59.942177,2017-08-29 13:16:02.058365,426,3436
268_13,2017-08-29 13:48:38.083147,2017-08-29 13:50:34.415830,276,249
536_12,2017-08-29 13:52:06.009507,2017-08-29 13:56:31.748395,79,2010
494_2,2017-08-29 21:09:37.599823,2017-08-29 21:13:53.639777,445,433
3368_14,2017-08-29 21:26:02.364419,2017-08-29 21:28:09.875480,326,237
3016_9,2017-08-29 22:06:44.121524,2017-08-29 22:08:42.471336,317,301
306_14,2017-08-29 22:11:53.468323,2017-08-29 22:15:22.674171,428,312
3205_9,2017-08-30 09:33:27.937964,2017-08-30 09:35:08.738005,195,360
414_11,2017-08-30 09:59:16.308276,2017-08-30 10:01:37.458484,377,2010
164_19,2017-08-30 10:00:45.675773,2017-08-30 10:06:31.806778,260,259
3316_5,2017-08-30 10:07:53.193834,2017-08-30 10:09:50.029513,152,309
321_7,2017-08-30 10:23:34.018844,2017-08-30 10:26:58.768214,315,260
3167_17,2017-08-30 11:15:48.338953,2017-08-30 11:19:23.866683,309,152
442_16,2017-08-30 11:58:15.500691,2017-08-30 12:01:31.014265,376,3489
248_2,2017-08-30 12:54:15.692726,2017-08-30 12:58:03.949810,376,279
228_22,2017-08-30 14:17:05.556974,2017-08-30 14:20:19.207356,3461,309
3129_3,2017-08-30 14:27:07.918628,2017-08-30 14:30:44.561168,264,279
3162_12,2017-08-30 14:55:43.936437,2017-08-30 15:00:11.127212,417,320
2002_6,2017-08-30 15:59:50.802195,2017-08-30 16:03:39.366978,415,337
3201_7,2017-08-30 20:44:22.455438,2017-08-30 20:46:31.602466,326,237
3164_18,2017-08-30 21:05:33.043675,2017-08-30 21:08:36.356754,432,236
3293_10,2017-08-30 21:17:34.796193,2017-08-30 21:21:40.361641,326,236
3320_10,2017-08-30 21:31:34.740259,2017-08-30 21:33:03.916306,433,432
3121_8,2017-08-30 21:31:42.441236,2017-08-30 21:34:47.364024,432,317
3379_3,2017-08-30 22:03:22.413401,2017-08-30 22:06:06.784228,150,394
3132_0,2017-08-30 22:04:19.936061,2017-08-30 22:06:09.210822,150,394
419_1,2017-08-30 22:52:07.273459,2017-08-30 22:53:55.082684,317,393
3183_3,2017-08-30 22:51:33.518593,2017-08-30 22:54:02.103950,317,393
2021_2,2017-08-30 22:54:17.061856,2017-08-30 22:57:35.549813,393,301
3160_2,2017-08-31 10:22:20.644043,2017-08-31 10:26:27.243558,327,426
407_5,2017-08-31 12:36:23.001056,2017-08-31 12:38:35.707254,257,79
519_1,2017-08-31 17:22:50.270637,2017-08-31 17:25:33.644949,3255,494
499_17,2017-08-31 17:26:54.539114,2017-08-31 17:30:21.068194,3255,3259
340_9,2017-08-31 17:27:05.799767,2017-08-31 17:30:45.907489,3255,3259
402_15,2017-08-31 17:27:09.477307,2017-08-31 17:33:22.659268,3255,3259
359_19,2017-08-31 19:11:05.618861,2017-08-31 19:13:27.044748,445,511
3231_15,2017-08-31 19:31:17.518475,2017-08-31 19:34:23.267768,301,150
3091_12,2017-08-31 19:54:05.373894,2017-08-31 19:56:00.042641,433,511
3105_9,2017-08-31 21:01:50.414502,2017-08-31 21:04:11.288127,150,410
3130_13,2017-08-31 21:01:28.603023,2017-08-31 21:04:13.914851,150,410
3107_12,2017-08-31 22:30:02.642560,2017-08-31 22:33:02.435706,3082,3087
471_14,2017-08-31 23:25:39.206794,2017-08-31 23:29:18.891116,394,393
386_15,2017-09-01 09:18:39.217623,2017-09-01 09:20:45.541500,2023,522
382_7,2017-09-01 13:48:59.485107,2017-09-01 13:51:32.488721,320,257
280_3,2017-09-01 16:08:04.361511,2017-09-01 16:11:43.959720,494,3255
232_10,2017-09-01 16:32:48.345874,2017-09-01 16:38:08.918546,3255,3259
e_399_0,2017-09-01 16:58:05.771440,2017-09-01 16:59:15.794254,509,470
3441_8,2017-09-01 17:14:17.034428,2017-09-01 17:17:27.715174,3255,494
3151_20,2017-09-01 18:53:27.060388,2017-09-01 18:54:59.699617,3101,3107
3325_6,2017-09-01 21:43:13.267535,2017-09-01 21:46:10.912130,237,236
508_6,2017-09-01 22:01:56.830128,2017-09-01 22:05:09.330920,432,236
2022_0,2017-09-01 22:22:54.933447,2017-09-01 22:26:03.056484,326,237
368_11,2017-09-01 22:25:55.804672,2017-09-01 22:28:44.465766,237,236
505_17,2017-09-01 22:26:13.612215,2017-09-01 22:28:58.250532,237,438
3175_5,2017-09-02 10:41:23.658570,2017-09-02 10:45:24.711628,522,359
3090_0,2017-09-02 14:16:37.818322,2017-09-02 14:18:17.472120,3340,3337
304_10,2017-09-02 17:29:50.716531,2017-09-02 17:32:39.912475,494,442
3319_2,2017-09-02 18:01:43.521052,2017-09-02 18:04:09.656101,494,3255
432_15,2017-09-02 20:00:50.720026,2017-09-02 20:02:34.899647,539,3093
376_4,2017-09-02 20:40:36.392710,2017-09-02 20:42:46.458917,3093,3090
321_12,2017-09-02 22:46:32.961110,2017-09-02 22:49:15.220294,433,326
3350_19,2017-09-03 11:57:11.902655,2017-09-03 11:59:51.121648,3090,3016
343_0,2017-09-03 12:37:19.257860,2017-09-03 12:40:44.146118,3419,3417
3112_9,2017-09-03 12:59:13.664559,2017-09-03 13:01:25.389853,3096,3087
3395_6,2017-09-03 13:00:26.726292,2017-09-03 13:02:56.346984,3087,471
3116_7,2017-09-03 13:05:33.279441,2017-09-03 13:09:43.986940,3344,3392
3112_12,2017-09-03 13:29:07.235085,2017-09-03 13:37:08.022885,3352,3344
515_14,2017-09-03 13:49:22.529404,2017-09-03 13:54:39.710492,3452,3107
3156_3,2017-09-03 14:05:39.100255,2017-09-03 14:08:22.679302,3105,3103
449_5,2017-09-03 14:57:18.675332,2017-09-03 14:58:19.241830,539,3093
410_10,2017-09-03 16:44:45.066385,2017-09-03 16:48:35.890133,3348,3333
305_14,2017-09-04 14:38:38.128688,2017-09-04 14:40:52.591369,3303,3329
3065_10,2017-09-04 15:41:40.051175,2017-09-04 15:43:11.119910,321,2000
499_0,2017-09-04 16:24:04.418781,2017-09-04 16:26:24.802474,3107,3101
511_0,2017-09-04 16:37:14.781823,2017-09-04 16:40:01.820458,3386,3397
3463_5,2017-09-04 16:59:13.545191,2017-09-04 17:02:52.210632,3403,3324
3414_9,2017-09-04 17:06:31.095902,2017-09-04 17:09:31.399110,430,2000
3202_5,2017-09-04 17:45:53.052334,2017-09-04 17:50:09.982344,3093,3101
72_18,2017-09-04 18:18:22.422162,2017-09-04 18:24:34.745000,3303,3407
420_9,2017-09-04 19:50:45.036011,2017-09-04 19:52:26.910239,3403,3399
161_0,2017-09-04 20:27:11.282816,2017-09-04 20:28:45.136725,3303,3409
355_11,2017-09-04 21:08:30.482435,2017-09-04 21:11:13.147324,3303,3408
3434_11,2017-09-05 08:23:05.708608,2017-09-05 08:25:59.619674,430,418
3063_4,2017-09-05 08:35:08.631741,2017-09-05 08:37:19.665672,143,3242
3177_25,2017-09-05 09:35:15.078454,2017-09-05 09:38:02.204605,418,2000
303_3,2017-09-05 19:09:44.264186,2017-09-05 19:12:58.332795,3090,3088
3058_8,2017-09-05 21:23:03.820393,2017-09-05 21:24:44.839251,150,393
3314_0,2017-09-05 22:02:37.300225,2017-09-05 22:06:26.483720,326,504
434_6,2017-09-06 08:51:05.462599,2017-09-06 08:54:07.995617,2002,3093
285_17,2017-09-06 19:56:15.338487,2017-09-06 19:58:55.175665,3090,3088
432_5,2017-09-06 21:01:53.676121,2017-09-06 21:06:36.624222,394,317
3593_17,2017-09-06 23:49:38.127352,2017-09-06 23:57:04.604390,3382,3411
3155_0,2017-09-07 08:42:06.058455,2017-09-07 08:43:45.698918,3371,3335
3132_7,2017-09-07 09:21:11.575554,2017-09-07 09:24:49.281913,426,327
195_17,2017-09-07 14:35:12.184675,2017-09-07 14:43:14.793160,3337,3326
3464_2,2017-09-07 18:53:37.433945,2017-09-07 18:58:31.279036,3255,3259
337_3,2017-09-07 20:11:50.125227,2017-09-07 20:13:49.093099,445,326
3374_12,2017-09-07 20:48:19.304945,2017-09-07 20:51:32.569433,301,410
3285_21,2017-09-07 21:04:07.436210,2017-09-07 21:06:36.786659,301,403
3165_2,2017-09-07 21:05:37.815345,2017-09-07 21:07:30.022185,326,237
3372_12,2017-09-07 21:25:22.247112,2017-09-07 21:27:56.142535,326,237
3130_5,2017-09-08 09:32:14.423318,2017-09-08 09:35:55.197117,164,440
495_3,2017-09-08 09:35:36.423908,2017-09-08 09:36:38.166485,360,376
3073_8,2017-09-08 09:52:37.385968,2017-09-08 09:55:20.370434,359,522
3077_9,2017-09-08 10:38:39.354945,2017-09-08 10:40:26.084952,3463,297
524_23,2017-09-08 10:38:53.911632,2017-09-08 10:41:25.901611,3463,297
2008_8,2017-09-08 14:45:58.385648,2017-09-08 14:49:01.649339,264,360
3320_3,2017-09-08 20:02:37.741264,2017-09-08 20:04:44.891046,3096,3090
3148_10,2017-09-08 20:16:13.645879,2017-09-08 20:18:32.251586,237,236
223_0,2017-09-08 20:53:21.365844,2017-09-08 20:56:05.964334,3347,3393
3320_6,2017-09-08 22:11:49.542467,2017-09-08 22:14:55.808604,410,400
322_10,2017-09-08 22:31:05.679237,2017-09-08 22:34:42.969023,394,445
3127_15,2017-09-08 22:36:13.852651,2017-09-08 22:37:58.677851,445,433
351_19,2017-09-08 23:07:26.524595,2017-09-08 23:10:16.551164,317,393
